x1,x2,x3,x4,x5,y
2.706849839399938,-0.23077861894316434,-0.8936561558468551,1.0233569487021454,-0.7671715322440895,9.310474901726284
0.6281327087844596,-1.3654134025097164,-0.20573344766743693,-0.6225796677810742,-0.6145315821071482,4.918938878453783
0.9079694464765431,0.6817578088408777,1.102573596773145,-0.11496088015958449,-0.7775567409931536,2.9375750989403544
0.5038257538223936,-0.4315000888183461,0.9576528719526908,0.5715684307592104,-0.40930713515118955,3.603364116213786
0.6511179479432686,0.23466373764092413,-0.8137960537087273,-0.04924459375748908,-0.22951402230850718,1.4560208020092513
-0.31931804459303326,0.1934654132120751,-0.459552056645095,-0.5873493042158803,0.22452254553231116,-2.1618035335618475
-0.8480769834036315,-0.004673061640676962,-0.7121514008623497,2.148889606323941,1.0300949856251789,-2.007627504679836
0.6059653494949336,0.30867126112675836,-0.3354770159747432,0.47488272144018295,-0.2758312242281081,1.763375385561717
-2.018168244037392,0.7501265909185724,0.1246008691988508,0.7058473781840706,0.11306926758455572,-6.985742405947673
0.7401220570561068,-0.08711268599025851,0.24769383128643124,-1.1153056523176024,-1.2397518466634896,2.8326971680256094
0.5288134940893595,0.5550422289169726,-0.002285596056707136,-0.22655007806581381,-1.875845992969163,2.084107562400674
-0.5890005332865824,0.17444632519345735,1.8195796387696492,-0.4309504840617512,1.6128102230592107,-3.4498053444210752
0.18869530944922425,0.5837545563143415,-0.6049365320537602,-0.35778862909735404,0.7452526322425278,-2.3750521441335826
-0.758872056210466,-0.24436102080636823,1.8471605501044852,-0.6599853144954322,-0.6535569768541469,-0.46389992121554985
-0.9332372163009188,1.0410557492499029,-0.9762493598898496,1.0227692225038936,-0.19700221125222098,-4.143940854985055
0.9550565092637361,0.6292365409473988,-0.7402036879259202,-0.26671476525416693,-0.239590061012136,1.5142979340819265
0.19079432237171562,-0.8435520025924812,0.18054664852218563,1.6898751836015296,2.022547674687405,1.515639383324519
1.9787573241128278,-0.16246360093640472,2.8240816702253535,0.41321559251758927,-0.7404460728188516,8.50612390584182
2.60596727979128,-0.7479890470504733,-0.35593530442856686,-0.20817625866131248,0.5964292623777819,8.37840480081637
0.6835088855389145,-1.7908091673608124,0.15791298334278334,-0.4091597883595689,-0.4270466727328602,5.92563426039659
0.3026654485851825,-0.21222027227928175,-3.1277316303171103,-2.146379661450025,0.9059968735276223,-3.198470571662679
1.693722925204035,1.3300963346117838,0.21193088645260988,0.7963913760256357,2.0686463118493386,0.6886072829334634
-1.7060859307350775,0.683211251804631,-0.4017582251597347,-2.030903946901698,0.5902055935125102,-8.916229329807301
-1.1591194155484297,-0.008982564910265821,0.6525736110687006,0.48856895265877,-1.7756376239058718,-1.0795214673673463
-0.13484072060601238,0.42969306828207016,1.3642878003673071,0.011538614306043747,-0.7137561601835025,0.3434002042546288
0.39052784273374097,0.6624075184155835,-0.7016836870600456,-0.006696833890455186,0.4480052089755206,-1.191230523560919
0.16690463609281317,1.2234572300953985,-1.489147532355333,0.7552622707098747,0.9200282270058318,-2.6165397023089434
0.18450185928224264,0.8422239111247452,1.8919869162022376,0.7273993674683095,-0.31776362822661186,0.9754622140079954
0.8077059142577141,2.133136702229532,-0.3676055862251194,-0.5740914971115278,-0.8214626017821669,-1.557734646849187
0.07295967531703869,1.1592848314577393,0.2093552678318087,1.2000299355122637,-1.668124980343055,0.6394155527098614
0.638787013499328,-1.73889667767911,-0.734818977202438,-0.37037601675556686,-1.5840471892881447,6.342382408104947
0.32964629880452445,0.13401956636081125,-0.22224765014796768,0.21119511385863274,1.968648100986773,-1.2251404057325437
-0.49710402288933153,1.040046901956782,-0.96331977185675,0.40302373488331633,-0.4902043553866349,-3.210457226751967
-0.7540697010400628,-0.20030939385557942,0.22564276472641837,0.8780059476874127,-0.6364177811434014,-0.43980828078062373
-0.9434064032519315,-1.5602162564969915,-0.15830597320438236,0.7324015156641275,-0.5939384321437416,1.3651196353110067
0.48475164718163294,0.050335980540101556,1.1957808737880167,0.8981490871741505,0.8924683757667289,1.710924893990015
-0.11677331646707445,-0.6112673301085018,-1.5319634732433363,0.47268067650530926,-1.0002571259143784,1.3312779232852436
1.9017547952605123,-2.231037052978385,0.495988013561798,-1.2703258434891747,1.2753454733148328,8.25749940019183
0.23812695876901832,-0.12545275015327975,-0.7358503356614993,-0.1371905725484174,2.519046728811848,-2.0573218103687987
1.9966522853695665,1.0832519005198933,-0.3648994000099412,0.9010208274453476,0.5573519210740357,3.7681433053062108
-0.993263499973366,0.7154512092397253,-0.581568887968213,-2.067527866659124,-2.2350623921450388,-4.485334891536186
0.19679950499134005,0.7075118634465167,2.0122630428637125,-0.5044889024091767,-1.0641174345606923,0.6590016151997525
-1.1366445936091856,0.1724536492090813,0.7698416013578502,-1.1508153571579889,0.1455734632011646,-4.04040620228596
0.000366479605643592,-1.062307087647101,0.7005753901197536,1.3948370101612773,1.2452673115091772,2.330555288460923
1.025984152081572,1.2361134508513296,1.0632613768434835,0.6940672257260827,-0.5290046756894091,2.0317512691886437
-0.1565979042889875,-0.22367824533731165,-0.18699246440154246,-0.3892382770849661,0.3484964462737381,-0.6402944152619686
-0.031579143908112575,-0.6049866460581174,-0.7879265906647197,1.6224937480515493,1.0021014243446897,0.5272833923541782
0.6498258334908454,0.18624305352182297,-0.17622766358888872,-0.02637295364195212,-1.1380085316424107,2.3829771286682453
2.154846443259472,1.7380492537557992,-0.7621681916779619,1.4910870859700056,-0.28581807276615384,4.191538278390872
-0.6102588558227414,0.5130713917184009,-0.2753055671559778,-0.20520275201019342,-0.03594618310671841,-2.9107844971912065
-0.755325340010558,0.357042387005073,0.5751810528189493,-0.14524679752568745,-1.9750143565884204,-0.9141376864419725
-0.34641850351854453,-0.9060948634115105,1.7813571012221916,-0.5211740667589204,-1.7782206905611602,3.1418493427580847
0.1470267713241236,1.9603349843444111,0.47614714872950636,1.4907082784760073,0.4437412845452063,-2.841953349564462
-0.47944803904109595,0.9083960513391167,1.2297506247373702,0.7126778399277616,1.7338714992403221,-4.092174501568628
0.558769406443067,1.6454200112640986,1.1391227209679924,0.05361628813632573,0.9296680127908955,-1.5338795951898334
1.0248102783372157,1.8517931122690148,0.7759194666608353,0.2850773751669679,-0.4979152726805594,0.12871170954090755
-0.925874258809907,-1.1848689137582953,0.6535941286486847,0.6766148321282729,0.413265152699336,0.3939871377218623
1.8628641384939535,0.8981294710421904,-1.8535263945408602,0.3895273232738612,0.03400084098848273,3.1437483918150306
-1.1338171615837889,0.7999456541889732,-0.06383104958782634,3.200138712704306,0.601444438755361,-3.001311200273207
0.6104779075384634,-1.8084070104906735,-0.5885773670394986,0.8441258249956943,0.46694574472506906,5.117568941928383
0.3860303121135517,0.3648173808581042,1.740415786471961,0.9273798644472222,-1.3297651539696331,3.13063835136831
2.084018530338962,-0.4529310917824733,-0.20076592281764868,-0.23635191205962963,-1.81460857127996,8.428335763885388
-0.37651867524923904,-1.9901973678753824,1.7997231861121274,-0.23145746333412553,0.6701733058029062,2.959122158936463
0.23033634359240704,0.7997612145058768,-1.9349219441986654,-0.10965469931121859,0.9572190769653672,-3.023933561565073
0.6812092925867574,-0.19668712636933386,0.8105766039910584,-1.4485541913095923,-0.5151321859446726,1.8995890822500126
1.0351250747739213,-0.0576098444186092,0.8553885976998616,0.3315611612471955,-0.22823967698396205,4.080599263769295
-0.031160481493099617,0.7600191539527491,0.17162193855457683,-0.271312167793631,0.5178615507288862,-2.1914504455089645
1.9399323109926203,0.08232896593997696,-0.23336486514565036,-0.8509792518035569,0.3751066151099634,4.254816274417374
-1.005186917256266,0.4517056464594909,0.6880447782641715,0.14337108172382343,-0.8365431365288878,-2.6330438179586118
-0.7417897046689249,-1.2492806259934754,1.6913127464401534,0.6068674840574904,0.3969187865317933,1.3325366571952386
0.1871245217641948,0.7930220088516202,-0.35132936289496336,0.5758703684628989,-0.1895838804504917,-0.9978714937946265
-0.7328451475428807,-0.36067785201925495,-0.18081567527331815,0.9133939436163184,-0.9688121178414093,0.13197249214751114
-1.3829200981158674,-1.0246892221240742,0.25108667901016746,-1.8725463885273932,-0.30010487392457635,-2.871263888962874
1.48249549608345,-0.36193149951357795,-0.4205335558951973,-0.3526131024109592,0.2232920307086263,4.451821940973018
0.9614581560918355,0.7547495244878382,1.0186148840909728,-0.26029751774317095,0.7093830102939119,0.9268353376946037
-2.1412122910809264,-1.461788935210899,1.4188276108052684,-0.26750719313683546,0.8638451126867004,-3.918053820420685
0.9925734530526948,0.684733237327943,0.7692838896660686,0.8521980743018938,-0.8578802442096597,3.3024938351936983
1.1922406372754866,-0.3807511035694191,0.3179506878664802,-1.9904185282333642,-0.07503532962310817,2.953084906655611
-1.0467795376984979,1.874806554981986,0.49714472437029994,-0.09455218319706189,-0.7579853665616819,-5.649459007247046
1.2927645769293514,0.7291090796175345,-1.885391859559849,-0.3805153201509979,0.9243139653966738,0.2667257470711429
-1.4675140203361003,0.3289622340052539,-0.8778618231738653,2.2647557232942424,0.47273676053972347,-4.043787795897676
-0.49409535833912277,0.8202083555742986,-1.672635956958584,-0.9708476379995935,0.07547677478841121,-4.90066081678346
-0.1625347347726149,-0.5212944455269182,1.1389083745510227,-0.21514556304704943,-1.1516821854962505,1.9464878997072277
0.48580873745486103,0.4782717606472858,-1.2397679538401183,1.2628426629444915,1.3931699068517895,-0.4103114597643851
0.39248881107944394,-0.1935964142318502,0.18909919115686716,-1.5299911595191595,-0.7396882146228094,0.981351338344612
0.22149068500354543,-0.5549654954789004,1.7101401576634168,1.9074899124884575,-0.7958303743485525,4.703714827563927
-0.8551960407780934,0.2583790784001398,0.872762164654077,0.7540868640032174,0.07607977300832275,-2.22778594943774
1.541990408031232,-0.12422054343845344,0.12276213332056583,-0.05810462120397013,0.6935793188081096,3.7629493640338367
0.6663193209198146,1.3535522720096038,-0.7118742587027526,1.3734842189690124,0.2997550587799161,-0.3959526989614831
-0.5382346255173922,0.3140526406562607,-0.6390293551949263,0.14046423494809293,-0.7051988517959684,-1.8275552101015329
-0.5685813606701186,0.34522664693531635,0.24574355682077118,-1.5237250690240356,-0.6387877217540904,-2.6933280623706928
1.4073382479609386,-0.16868651249229932,0.4071614524609246,-0.5882004218129329,0.2425114045703124,4.442873480569856
0.6418055114450044,1.2929130824890096,-0.158555134477809,-0.9866189952999213,0.2987722822487341,-1.8553119794393758
-0.905099901810439,-1.8671398497468574,-1.0217767608459363,0.5387360493816971,-0.058866375658186504,0.7842601049641562
-0.3911566271858832,-1.857739510496285,-1.6379592313603484,0.7765303538812788,-0.7431736034097335,3.0678783147912823
1.0282931608187034,-1.1844578864063091,-0.3540309138366957,-0.31343892467368983,-0.7266678964452554,5.789908811703184
-1.9726051036093835,0.019213399404807003,-0.6911924854141089,-0.060256665270865754,-1.0071598856536441,-5.314021191576253
-0.8668850353083267,-1.9849313878381423,1.2429242434271386,0.872303726051381,1.1936073044216549,1.8212130766530399
0.7207875987587121,-1.063373928448645,1.4794328190260904,-0.775158507030096,-1.146767252964861,5.731321295490126
-1.2230820379046312,0.6857141607545495,-1.99563388354603,1.4468094105891214,0.5784258856317328,-5.302272204426289
1.606779861236061,0.5369317071331035,0.15791834074188701,0.31789390547892793,-0.374055637258881,4.466171194040074
-1.1157099674628352,-1.4700129616126536,2.5777174489597483,-0.08401533508843274,-1.6507034103621634,2.6179806849217067
-1.3853785569149153,0.7019095580712117,1.4453839424021153,-1.2407820928998872,1.1073402201006672,-7.106658741240665
-1.3296600588247933,1.5502259469079316,-0.39382711764285466,0.30886467301327303,-0.8913017274974755,-6.131624136066404
0.04145994288358152,2.1559533346519366,1.0061358832071987,0.5146573752930373,0.45558887290111505,-3.4729156485893773
-0.41105540321250544,0.17743242661238867,0.17548538327847774,-0.5690943529317873,-0.1947745113057087,-1.3885270184776684
-0.7713286047373022,0.29658842851584205,0.2570810887929981,1.0598180625639377,0.6458347127147633,-2.5959664110872485
0.11047741113032297,-0.10019101244680104,1.785698616792025,0.09163870248760744,-0.9507798858958754,2.610278703391383
-0.8046515115064065,1.703386828748073,-0.8374765558191305,0.6076931026691864,0.28556228849730425,-6.356691077194819
0.2535480414796537,0.5300083630315405,1.1439247372300339,0.9520011939526546,1.4491935716681659,-0.4946965193990801
0.6491477464471864,-0.9403545889020745,-0.7037212102240109,-2.6970221447523937,-0.583025228786698,2.109738537762551
0.3589405253750619,0.8471321571898488,0.5203321075346738,-0.992474998677183,2.0320406860140614,-2.5829563816745265
-1.0804714624711786,-0.6136537581645959,-0.10160346567720709,0.4668716377937987,0.5746172293859875,-2.304704474980757
0.902397757200862,0.5974849103026085,0.06883134894441224,-1.3438164349853148,-2.489527798964,3.2428264806257636
0.161781188240493,-1.2765387017935574,2.53340739831694,-0.007052469737698988,0.5601979528871772,3.671360968194181
0.8330293241751475,-0.11380201566801483,-0.7226281940192903,2.257133714176354,-0.49474228162536504,4.615790817360791
0.9757196803436843,2.4462861790206105,1.665356789930194,0.027040357128382573,0.8412784734927752,-1.8609241157506933
-0.38823869993016363,-1.1969371740419963,-0.7358236774060928,0.37653735159549767,1.265318079194325,0.039280506909739804
0.7833160508104224,0.23807943955048821,0.02911026812928211,0.10269919934771136,0.4455905100531447,1.3956750450636306
-0.7089537376785922,1.1701240947874985,1.2733464641553767,0.07778727240679563,-1.1621726711622438,-2.51629181167756
0.586847295403904,-0.23307383529019712,0.07130180680013307,-1.3515670172745118,-0.5688118518086397,1.8951876461193924
-1.621347825454474,1.0826474107112465,0.28582152686106577,-0.20607914929313798,1.3684634551980632,-8.42108982566602
0.677535113895638,0.47488181418901976,-0.04793857827627397,1.4690178498949933,-0.5797302874433136,2.360028614554632
0.026105480322676483,-0.6128428832266549,0.007450731112273042,0.23809144817135613,0.2557619669612271,1.1687593642088099
-1.6782836579965759,-0.7898242477799104,0.8992078170276873,0.9762127608444865,-0.23538165411859027,-1.9101698752080765
0.33397310118137624,0.2040912726772836,0.7237615847196242,0.5996717804315524,-2.326271112350166,3.631303982292099
-0.5324705255224986,-1.7926424126765905,-0.665691951293243,1.6133716521269323,-1.1813286459876406,4.594609363981086
2.1177273820227196,-1.2824145926683406,0.7718622353308804,0.02214684979279339,0.8619940875836766,8.467411604793549
0.19752398574797547,0.19789411686460948,0.3921434629634288,0.16661725179682368,-0.14249237770266884,0.7852040116611023
2.3029872653509056,-1.2211618467329253,0.8413890003268997,-1.1044422272150827,1.1153902153283646,8.071711430274977
0.7290237321354455,-0.25134756765637756,0.6598349635098157,-0.4283625584471625,-1.9115378537356686,4.203111033825938
-0.8630912690663913,-1.217939603141718,0.6304045699668258,2.1069752146303458,-0.19847573961571782,2.2142192254050594
0.3056315115097357,1.2529147004045298,-0.4954174564600674,0.38997376322872473,1.5913966927405265,-3.64642540169188
0.24317761384049238,0.9026018034646369,-0.7387357908323996,0.008079988016576225,1.271992617174783,-2.516400549289545
0.8641648782095376,0.45207019119819625,0.7427243648696661,-1.2794821448724587,0.3759547394116776,0.695252859505264
-1.5609314472141087,0.19080605308597412,0.24437108840491267,0.4888932198378389,0.8995550216635076,-5.597812424802546
-0.2518969516247645,-0.5349901752149745,1.2359898518344843,-0.0663302900079692,2.1477112744614386,-1.1766711569311863
-0.5781202586473068,-1.160778104522483,1.000049828611574,-0.8935614254662052,-0.1631611971384755,0.9397893309325538
0.23699563041333727,2.1290189520342437,1.6124184122806469,-0.6953610958281264,0.6328015109278193,-3.781606789465486
0.20078046900718044,0.6190608187437497,-0.26321842531852124,0.5778213073714592,-0.9980966934606564,1.1622605362136391
0.3278447402697301,-0.16235335952227653,-0.23808413543200213,0.5852168469623866,0.168426136674092,1.686895444852027
0.674485186989649,0.44698605846089,0.10371450236729451,-1.136153609800384,-0.8837629544249336,1.0154607410453116
-0.17405654125505843,0.9613252867244528,-0.8033965752993761,1.2856402070586543,0.41541911401868237,-2.0907499294890237
0.7801397150660992,1.3141722450503217,0.7596879880818816,-0.15758338535176927,-0.2491501303376108,0.5669918746831468
-0.38325813145045406,1.6906572355914438,2.225545381214447,0.8897132612139449,1.981005001378508,-4.855039685209189
-0.40931848394745096,0.7439318393142281,0.8302310724886062,-0.8508309311992774,-0.9335718864617227,-1.6571286891747916
0.3435391865584499,-0.8237933138081592,1.3692149299525178,-0.9657835057496921,1.6986771293889238,0.8239843868879068
0.1962753160993944,0.08184330734264748,-0.545656145530313,0.747075477300455,-0.5672089974669171,1.4947363478351343
-0.982775996932035,0.5097194680026691,0.9465671435973885,0.7187859003182813,-0.12296112746303402,-2.708813061832521
2.231555243446201,-0.08090307201482305,0.34872552671155327,0.025418914957829147,0.8172169963316179,6.099364737898263
-0.9713925659501077,0.08560452846405721,-1.4503414133296868,-0.6906061977713144,-2.0456195140461118,-2.590679276823983
-1.522332873870511,-3.0971386265109233,-0.09760084691638575,-0.9946877031283645,1.7315364664814852,-0.9188260048795656
1.1337029907766036,1.6842496823904027,-0.7133082394279386,-0.8199407678847331,-2.131771325755114,1.0379398795874952
0.5281867344521978,-0.15986720145821948,1.5402614493725202,-1.4145229258324237,0.8202014703121997,0.5802505663812724
0.3934607601553278,1.7278711479170452,-2.2837184299537583,1.0776306707126777,0.11737674632429985,-2.589740837986215
-0.6305066330018959,0.950596369072207,-0.574300376081173,0.7854990098972188,0.3530792927031367,-3.634940459226865
-1.3982896782716048,0.4137191430409762,0.19520942962942672,-0.004761522673061099,0.8033710463037255,-5.94240657292301
-0.21931071609607042,2.0481963530523846,-0.8824343529848576,0.9054206921369907,0.14452577784526466,-4.708120764783367
-0.04567647974128554,-0.6939952258515621,1.345700357846398,-1.2692063580623936,0.7620845844775559,0.20238496763181027
0.012420990255292875,2.7777807421535194,1.18209085948339,-0.11382751763677021,0.7725802670282321,-5.4953543019779625
0.0936279847307588,0.09670360383328055,0.47857824793202175,0.009478009738478252,1.222985554913798,-1.0471068885876504
1.2408126131652035,-1.8631718310499787,-0.47270197475856707,1.4970183242484696,0.6840764700086962,7.534638008550322
-1.097693023064908,-0.7100883377048451,-0.9405214542248439,1.0940533291495793,1.2580417703074362,-2.578183130183331
-1.908008821232767,0.1223703681650911,0.38879656358393117,0.3190339058239698,-0.594568474650407,-4.865902345253498
-0.3801035020513599,-1.8316960370819297,0.5339991740413808,-0.4183713888609782,-0.72564194008248,3.1118084423114913
-1.666059178570647,-0.13929738066006514,0.36709782583884215,0.4437501507806177,-0.9544247465434215,-3.3782361389597853
-2.7369945956467303,-0.4644284728208414,-0.09413248565017537,0.25733878125497767,-0.9163826657414137,-5.822699253434502
1.522562110668041,-0.7189767054480867,0.4665481813918301,-0.03439288887674478,-0.8457605351003683,7.072316669158598
0.17800909135852547,-0.560680576174618,-0.383964821055849,-2.2284943793911998,-0.28321781054496115,0.3171189407121988
-0.626805405123199,-0.7964114965519155,0.43158338779444866,1.1589641253516318,-2.454366331885374,3.326581658733061
-0.39108896696029627,0.2022389070807063,0.37629419506641504,0.8066101871588257,-1.2930919096338012,0.5871817456587353
1.7434769471227056,0.28317823430077954,-0.14514119958577626,2.234951769598569,0.047074586980029996,6.834646863166196
1.1300180527493824,-0.13693135159819098,-0.9108249270490903,-1.0395589334993658,0.6946272967799437,1.960309706071898
0.897796311118923,0.0648220239266431,-0.5527599438704566,-1.6529107533213911,-0.878115662006682,1.7889113042140528
0.33086562044846474,0.30903523583980747,0.4807242149061833,0.046820958043532465,-0.7233842312232935,1.0862520796866566
-1.063048893618331,0.5698356527951159,0.5360573837804926,0.3387791152977657,-0.22636842975818183,-3.5185946170255176
-0.1253808013891206,0.2279315717275164,0.9669077188956858,1.258663803888892,0.10032627780462756,0.39594399512438727
-0.9455881247341669,1.8756286904126729,-0.09688687057322395,0.5553907159444278,0.16557896484333653,-6.382505328664608
2.0295441849199127,1.7206221316151542,-0.7409997661874154,-0.2172973068097733,-0.06346269224517204,2.0047265468268898
-1.0463583859222323,-1.0494783722520937,-1.2134285234081585,-1.6545016361863372,0.9945550876998712,-3.8040496796842955
-1.3064823050884957,-1.0652833337489311,0.13674414243760935,0.505741549441694,-0.7211424982684256,-0.3730889977498457
-1.632923996816882,-1.0349927854907042,2.365350364354971,0.5963828319331176,0.18482836464196614,-1.2383781253953836
0.8021293698822711,0.7767280211648925,-0.7341590890373373,-0.5429621621248125,0.9350452586975424,-0.36390954245873186
-1.6675367808286456,-0.6004726798915127,0.2934587444397127,-1.0349354907472295,1.6458136292879546,-5.986805772509987
0.6088572918018318,1.1902773695882294,-0.7562298692724498,-0.3110513438110861,2.086489299037545,-3.3035738930619107
0.2864729879605598,-0.927945272367521,1.2537072636125417,1.0012222752716518,0.27965693688014176,3.7698045804783575
-0.2057922982750036,-1.4405184173791872,-0.06455933456685876,-1.101930944314625,-1.1287455601737861,2.6541740020457385
2.493990185752055,-1.7360290982779794,1.9846548537857591,0.892682663939976,2.986898880712789,9.653300408012122
-0.5472598883029545,-1.6694413142458682,0.2857823860685856,0.5909368638115967,-2.9948325462698837,5.116171008760948
0.4967269541347469,-0.4182037021108776,-0.2219529393362852,1.9477961563288901,0.7907381130746984,2.8455067095573385
-1.235614261466594,2.0570002833412424,-0.1456849290847796,1.5720019018110813,0.47204521081578354,-7.09537343970417
-0.7984279607352327,0.7226646654473587,-1.9639057215633682,-0.8996645585737407,1.0752666151299348,-6.653566491608862
0.7541214332828665,0.1277517988504191,-0.06563102735394337,-0.9239889038203727,0.09841870365789004,1.1435552142689447
-0.7720406439702567,-0.7159385523802434,0.8563862089228974,0.6507963245627449,0.5283117103689322,-0.31723769311448796
-0.034431636973305195,-0.33759924254607815,-0.4436397788593447,0.6012335931479494,0.7787574748328367,-0.08729502855754956
0.6884084244168481,-0.7869050993480766,0.15710504853482213,-0.144647099673894,0.25560662564000697,3.440992890157356
0.08152335776533699,-0.4039939770056552,-0.780822489466731,-2.1291992136558777,0.36857093207969593,-1.23230012707041
-0.41519111613560106,0.1984819696139644,-0.05590979198326431,-0.8684037948471357,-0.14123438051496962,-1.9886228509722048
0.05366145791755185,0.6460438708291059,-0.6040378985085642,1.4950255973606872,0.6802152990454038,-1.2951963205795562
-2.1151130977123773,-0.3611065599689472,1.0208110122389455,0.2209531465189976,0.9032028813552769,-6.056475653064202
-0.27951021452358354,0.6516271295415893,-0.9294229345205907,-2.465217913860091,0.3164481700187428,-4.818493633421859
1.0627104161410734,-0.07478136311180485,-0.14995498620109196,-2.175676448634786,-1.633559061092667,3.5266946256020866
1.7520144226756424,-0.384560234214254,3.2406980116587616,-0.17626307427935303,-0.8359516814524927,8.177009358989682
0.6955467245457797,0.4375883211659681,0.35262407078440444,0.6448343893163689,0.2985719657746202,1.8446453939866077
0.15366083401816283,-0.5090566164747607,-0.025048272684541767,0.10189640885493403,-0.8188034600217456,2.267876976301715
0.16763824411665035,0.08338545263242744,-0.635097613034219,-0.9826327210510172,2.467195771567322,-3.684454377610702
-0.7659300746299967,-0.020157728507139414,-0.24855687828077086,-1.1617248149542794,0.17854929354730717,-3.4979048502060635
0.9622991701503001,1.0491881416270632,-0.14838119728165208,-0.11077149351039045,1.1747143245079863,-0.48503254387659944
0.9028258592331454,-0.07965569047538068,1.4173722124676076,-0.49631399202768794,0.6779829447340894,2.5870470907985688
-0.5379091569515423,0.3560246239250063,1.3127456126203623,-0.5991949346094608,0.2588907035039325,-2.3831159058607407
-1.5496711043545173,-1.0249831373090137,1.6189134741229132,0.35667186922331995,-0.3753316409968861,-1.1886722416765472
0.43525292201184523,-0.2269089651457271,-1.382454897889042,1.0618928550930562,0.017419289635500015,1.842216063600478
1.2599036895486682,1.304680257234145,-0.1885678593046291,-1.2830655229748555,-0.03667346366874563,0.30932472429080793
-0.4478983519268438,1.358844626403892,-1.7012153853587333,1.8352932109574107,-0.16354747146626017,-3.5358513938647076
0.26620677922249886,0.6836886213802553,2.978656111478259,-0.13822730550957726,1.83703117299002,-1.4990653930345648
0.4125801614290498,-0.5392192590093537,0.4662605160257823,0.18129446028116178,-1.7564039144105483,4.371993604195561
0.9887728450784197,-0.8046439276367445,-0.9067930724638829,-0.27884998701857683,-2.4707644172959213,6.324254467783938
0.5138327290356798,-0.8241822410630507,-0.5340733144211988,-1.2891958474133818,-1.2288644608823642,3.1921482292843453
-0.9282048316241881,-0.5534741411831113,1.137352290717352,-0.13603671447176027,-1.5749202651529048,0.24735750973325116
0.8469038980594052,0.3687298631854494,-3.9198807552200114,1.7531997419285312,0.7535315165313603,0.6483223849522914
-0.29843574431221986,-0.718006979991493,-1.151421785273886,-0.002051940873960348,-1.2907924709342304,0.9636104133116008
0.029141475737380698,-1.0281695083064601,-0.8270685974532854,-0.5586156473452266,0.12394327365533335,1.286600328169843
0.8890308842265193,-1.1849749718409468,-1.991291535126796,0.0364595617309089,0.7480642214980665,3.2281635463592755
-1.839260863340729,-0.7276362814171589,0.7956086400755593,0.7129387665720766,0.6372262504576784,-3.540667565955349
0.8635956020616977,-2.078017749144569,-0.9143547963415986,-0.46158861485385216,1.1912040847114358,4.603151253886461
-1.0765905044553468,-1.5103896100107281,-0.34836769881571256,1.1349932748987908,0.008631343007985381,0.33649154826889294
-0.580382983225663,-0.9803248417579409,0.8647004076861717,0.4453965783197859,0.3014243410493543,0.7295090353500204
1.209027284571865,-0.3429257242164621,0.25558066441776245,0.2500248627012825,0.6757862711515756,3.8094345467836854
1.2017440283185892,1.6251324423273914,1.1397502187110402,-0.447002669487842,-0.9823838742427838,1.689354507105205
-0.8204631637242422,0.7819185021890762,2.0781057281317215,-0.1542656054942542,-0.4205049396259444,-2.478163007606945
-1.029577156962552,0.215128142040481,0.2902993089452371,-0.0015997689736779723,-1.087155833891709,-2.3851353205854706
-1.5248555367588408,-1.5970162973110529,0.07458115581537628,0.5086691540803496,-1.0066535977817908,0.4197195822168037
-0.8548599013156002,-0.518098420315579,1.3823343194520328,0.6049106926785993,0.06677617599363826,-0.7568160968677456
1.6028155369261388,0.6378246271973792,-2.5185403395741126,0.644403448837723,1.4879767805589408,1.1259991330185195
0.1854789874674731,1.2780046205372142,-0.6956167700701531,0.12535003238512327,1.4683055862083287,-3.646913680786863
-0.9940182922196608,-2.3331052253392928,0.11916229627318262,0.8996261151325866,-0.8376881293944635,2.7877232866332085
-0.13190613678378701,1.3660846684718877,-1.8300111247892834,-0.7213739332814931,1.348107141515846,-6.230062400213166
-1.3350917346306141,-0.17590091078414324,0.49848081357185015,-0.617867982474299,-2.0516205751175995,-1.9378947977164795
-0.0892984417103869,0.9164051789440081,1.2110878343229599,0.5920252048209983,0.04612046738203343,-1.0020820867181999
0.6985664041829249,-0.5733405361231099,-0.46047149505231844,-0.40023170037830186,1.0427057628208052,1.8465195041453997
-1.40912568010266,-0.058994390868435005,-1.2891470159398546,0.4846667446482829,-1.1902124085706074,-3.2424133361812197
0.8709070168048411,-1.2088465732555587,-0.19784025773135386,0.7224096378079197,1.1387594458328714,4.310767310825188
1.58581239401606,0.08934189999171191,-0.05635926874736979,1.0285389974323735,0.5941683057557288,4.896205457722186
0.9296578406361021,1.5484580552861615,-1.30140322856686,-0.31970399947124195,-0.7807024566328538,-0.7048413647312616
-0.5508760030855312,1.314687793017354,-2.0660761122310687,0.31076966020047164,-0.9360329739058586,-4.2259067013223595
0.942044977340326,0.8302979965239676,-1.178623084823224,0.590024802970554,1.329010489066905,-0.1592390215282154
-0.9753493500596645,-0.8077648412804155,-2.1282521234169316,0.8197508748439482,0.3738177290433217,-2.107332225779064
-1.0548505975739644,-0.24332942442365926,-0.6117649867073256,-0.9936968355823265,1.463109663716287,-4.779334179705406
2.165421117012678,-0.5888766211622928,0.4840867722027854,1.6568417362080725,0.6789178251452748,8.363663514346012
-1.2672401758233451,0.3450173407778088,1.0873371070947786,-1.9696645623256812,1.7521150852875507,-7.556215416886394
-0.8028431714973141,0.9845831383814299,1.6715925525578192,-0.1458686794855153,-0.8563927281540805,-2.722789555596658
-0.25347938278107685,-1.1839242445942888,-0.6323364274412803,-0.4244308788410473,0.04051636249914572,0.644305472505436
0.09069874396718668,-0.5370612719058516,-1.2952756068958364,-0.5066611116805745,-0.8202842704246881,1.1754975006350201
1.3217153465920728,0.9308254960356845,-0.010169533833423897,-0.3243622401466287,0.8154683728827438,0.8018249892498925
0.7941285064681898,1.104894442092637,-2.2165842123387773,0.03271557323187619,1.7045771571597121,-2.5915015601315745
1.3597119775466715,-1.2127320173440057,-0.8704939599687904,0.7635174877520641,-0.685717073280205,7.500599389275301
0.7719700393250232,-0.07907971415629557,0.7027070741329827,1.598754672974426,-0.2568348543288867,4.3323560543517665
0.2942166265326114,1.2397628014673845,-1.337640675463518,-2.448191203654383,0.33288465348257823,-4.492530497454925
-1.3915190611130732,1.2329072418069171,-1.087237965324452,0.7892478448255136,-1.6594394442258489,-5.1773599510668715
0.14748647106358997,-0.367654917444136,-0.6552331648066388,-0.5897782578032877,0.3468782760882153,0.2474755976062734
-0.729466336942255,1.0808013839672284,-0.4761737167744557,-0.22264113842034722,-0.09962480838564815,-4.2226931467178375
-0.7201097480739456,0.37033223025360823,2.6284908006850745,1.5106573818068503,1.0018369657348354,-1.1957727372846465
-0.28525676642496123,-0.9600240249094101,-0.5908685051761146,-0.23299155534156013,0.7726116561970997,0.18033271357233904
2.090539149200246,1.6914706255742378,0.19842861515937732,0.4243320096354353,-1.1442448104646683,4.4570210514127115
1.0040561480091232,-0.41102830927672,0.09350609078248877,0.8152429231280824,1.5840747460719178,3.04467063608076
1.0319158600110228,-0.11896787164798607,-0.37132209483869616,0.2894494187163309,0.8683966412578208,2.7739093659312544
-1.0811182770358438,-1.5830374219582024,-0.40680086674696575,1.0953951526759316,1.0632749677088529,-0.6806434296589257
-0.00035496108900161965,-0.4978986482733201,0.7673484310447077,0.43532135275056966,2.6988528307305524,-1.0443237603824012
-0.21988154841914037,-0.7159400374680942,0.5522742369302689,-0.14600476088180492,0.4141036499502547,0.4050019630805005
0.2927951308453091,-1.7806871522206078,-0.263277764719673,1.3496916860232928,0.6961242655253456,4.798716206102586
0.8343545216262672,0.43502542259104254,1.3895914080646121,0.3808225668758648,0.9740494027123154,1.7033474564443587
-0.14043183108525809,-0.7159453000307853,0.32791424862213103,-0.18265928916270174,0.03816516346841891,0.8008098869109262
0.11914496240080452,0.9265228684070641,-0.5079394749545348,-0.38522917023712183,-0.7469769367611132,-1.370689801109282
0.6657145861587476,-0.299868303605137,0.6831261253270126,-1.0573559692926255,0.2185086200184095,1.810823792387362
0.4075864497857779,1.1304084914885928,0.8836009696243436,1.033365684219729,-0.36859139282031655,0.7473662524210724
0.8078427433410449,0.054735230155973896,-0.9317602476615529,1.4074972549618978,-0.11730957135278847,3.2507484859138316
-2.736464445063238,-0.18900714812220346,0.06608260334282001,1.5044687428269499,0.8191360658601844,-7.661674414950541
-0.9851528548352678,-0.20055098115428244,-0.10019624050486105,-0.14416715692542392,0.25865130126728664,-3.0806750105601526
-0.1552757504931956,-0.847900906870273,2.5865246295917372,1.1944418898573574,-0.27773208977563363,3.5324779429308846
-1.0132280125006923,-0.4977489919040646,0.7628435358963549,-1.227875249184643,-0.2707332592956592,-2.1993646025741125
-1.0874358897562575,0.8237601474668779,-0.3898616825603769,-0.4975165676032004,1.1421669695868897,-6.2381739158739045
-2.567766921174143,0.8142093883622924,0.4205790106281801,-0.4368098818789063,-0.15220211630930713,-9.511565025628094
0.6610291979302003,-0.13199408986957745,2.054040503184821,-1.2904501449989334,-0.7609727171000727,2.9434289155916207
-0.33292080038923216,-0.08907812034585719,-1.197118328071672,1.4793553822288255,-1.2528167154619394,1.0307817906524894
-0.9286022737931389,-1.3692075017033942,0.8722640240114456,0.0863233339686457,-0.24780555540350424,0.4415827461884814
1.715950166352582,-0.4971589973444342,1.035748260581516,1.505616559795316,0.1697992759195044,7.979440068330174
-0.46875628568514655,-0.5332891592349585,-0.37442758180905694,1.5312539470627957,0.894585681089753,-0.3074114667381955
0.8600970357844115,-1.3271043191434642,1.1005173186533161,1.9809367455534665,1.4809097128961721,6.047743315074025
0.23008704402132232,1.1939361652983091,-0.3161220509422876,1.4764251883282755,-0.6423679448730873,0.11572149909580529
0.6186579932288591,-0.20317733961489062,0.39942081049894224,0.5103362687037983,1.0295906997743454,1.6875581691726123
-2.052562921769063,-0.12421661657690554,0.8325785172339719,-1.7506842533268019,1.9798782142188107,-8.54104300982647
-0.16664611600310902,0.7772490284148652,-0.3822514115358586,-0.3400796831894812,0.4268185489496905,-2.8291177305375412
-0.4458727825776645,-0.9211119057262595,-0.0964345992528979,0.266796218264064,-0.7974324970180666,1.6693564066805449
0.6858737647681736,0.6823651697089349,0.9217323190165381,1.34220172359977,-0.249049925614262,2.2008750044590926
2.7850096677486076,-2.265196760788226,-0.37882018699711395,-0.5052631607171458,0.8129013475109699,11.49673107311512
1.5237504578803855,-0.577073535594364,-1.6304206001309884,-0.10766430778401044,-1.6382747153221067,6.209536638095424
1.2902299309450938,-2.0117050809238193,-1.2692068383697013,1.107723783976393,0.6411986513414484,8.016152345680048
-1.4783193644514252,1.2339439603437097,1.489792870777558,-1.257878853638449,0.06503137916929919,-7.200727392328393
0.2142341936452114,0.7405924286923131,0.06837252315063297,-0.26962447904846315,-0.8390742898844423,-0.3213307129217796
-0.24050994802670836,-0.6415624602271436,0.8473488456042082,0.48788897952281957,1.440128331022562,-0.41646685888525137
-1.420949475967842,0.005382416603119362,-0.3772681423744856,1.0827297291335103,-0.7269694653853644,-2.451094686647361
0.3216595852289016,-0.8523711897102517,-2.139719061110999,0.18009386942642786,2.036190719855041,-0.042455011693601497
1.0073241321766129,0.4123117074718825,-0.6011528593528772,1.4578274020974098,0.11145872929186357,2.6938394934564
0.32978365243716745,0.7732280061843305,-1.2066805292721434,-1.0663236843645063,0.29336318687902424,-2.2684279228843
0.9205251723412989,-0.6109474080453896,0.034774859090330755,-1.9095203662321216,-1.4967783702365216,3.8491180633244757
1.3491375249310746,0.38586157081897365,1.0094332208948604,0.6312493097214514,-1.24130992854065,5.7845583849695785
-0.3778614930289294,-0.8553500252498429,-0.09205576290961577,0.5747600299902371,-1.9985974314542434,3.0346688748133746
1.9554198879611708,-0.32837499301297973,-1.548252100507156,-1.7944330229277003,-0.40982108164492553,4.354597267352459
-0.8583042112896733,0.21948651491047047,-0.4664736888669919,-0.7094003979918302,1.337778813658929,-5.034240047818204
-0.22221024494383712,0.7650799860041068,0.1946320969572979,-0.6443556358525363,-0.6339517235125998,-1.725227819900269
-0.05120286374238727,-0.6592419792570919,0.04887456336847855,-1.0476948400671897,0.280957497658978,0.13657482270158394
-0.4391280231226803,-0.10790927306074329,-0.5091404898314245,1.360415844274922,0.779512846585032,-0.7818167496290889
-1.5010412350670501,0.4520407442499331,-0.22698344323599604,-2.05339101025537,-0.9426969096674989,-6.559443295599599
1.0583569254143221,0.7712367843713809,1.0184097880545206,0.8038810592372214,0.6428654355580743,2.3354529226523257
1.8549671627302513,1.4035679911614265,0.32348283272020595,1.4342664772996432,0.2860794695196841,3.4202162748684914
0.5022503366851555,-0.16348837057291624,-1.1826243068037898,-0.13591242851145321,0.8032464886263996,0.48182425170236043
0.11458087653140756,1.9317411747108433,-1.2904206725391085,0.7334822062196327,-0.4526854175313178,-3.338003163709514
-0.36848749694743343,-0.7937245613843232,0.5238363010194995,-1.1076300627315954,0.4524869124044224,-0.7225166943144791
0.45934306829620686,0.8520927138957353,0.8369901720234812,0.6847566402886288,0.7784429114709046,-0.17328746612927726
0.5855126831234784,1.6094123683148598,1.257259335695269,-0.9722668978036823,-0.3216172544614681,-0.8737312443529262
-0.18190368968652595,1.8658153613335335,0.349308780426796,1.554461588161286,-0.013868625668536944,-2.6948784149902707
-0.6032354658427626,-0.10224151954659584,0.4538512869291624,0.9052188712177672,0.8447812153141884,-1.2412313972899893
-2.552660256955763,-1.0470118166778264,0.3063062029482388,-0.13647043708410986,0.4695099232559767,-6.021346958683545
-0.031926974302405105,-1.5180416617885293,-0.2858799215071722,-1.4068224413904173,-0.9397920943026278,2.350672480175501
1.407188843201487,-0.4223663345412839,-1.1976281522075947,0.9923075189617934,-0.28907816058557817,5.333991870841805
0.060970809221258734,-1.8304263298868315,0.8405972056098697,-0.5021785932176124,-0.01747870891093759,3.5244021397973677
-1.5423927248905593,-0.7806928387866866,-0.45643645129213445,0.30850954812556186,-1.006986831801472,-1.7529048005905798
-0.8211095759183248,-1.8133494118062485,1.1593091949683834,-0.22819827132281312,-0.9296720367260204,2.417792223913203
-1.599170657601589,0.3410100987321226,-0.35318566611138774,0.382098882185365,-0.3956869683385288,-4.719837021840033
-2.0688363569367563,1.1173285180789005,-1.0519576909658868,-0.4430003565367501,-1.268762422317829,-8.29098439600144
1.509747011077927,-0.1530806888052139,0.40063629681510654,-2.0294184780259292,0.6046110548927843,2.855960109958091
0.17468320626554876,1.4647730691712393,-0.11592086892422625,-0.015095441534906839,0.3160243147540895,-3.064669664141105
0.4634275027319352,-0.3353817266976273,-1.0912396091316343,1.276120651492693,1.2970426761025216,1.3065935700302915
-2.20644204251316,0.643524678260817,-1.7931806546925415,0.42800138329733506,0.8431477883390116,-9.254310660929155
0.5441592393194943,-0.9495469997889809,0.44977266424201734,-0.6946895939041813,-0.1367560451514705,3.167077763521988
0.6982957338773823,0.23983256459010782,-0.549977877748709,-0.977250654703389,-0.6677003754711525,1.6365569388466126
1.2529436328908892,0.8212391879567519,0.3691573024400943,-0.4226822988449991,-0.9358344220853364,3.012046090465692
-1.0483473351311796,0.3604761350792329,0.28392921983368724,0.6682252787067416,-1.227879892730092,-1.824683564699787
-1.2813202935443193,1.0575109290657547,0.6172658356029536,-1.5247057275196674,0.12732903720432806,-7.012556413172899
1.2767314501588805,0.17206117001263097,-0.13350291641943346,1.6314915144850533,-0.39796751496759375,5.150444366697965
0.6451323806032381,0.10310730144944748,0.2790615110113466,-0.6440580866700921,2.6413253801861787,-1.0379095941089858
-0.2976370877973264,0.18667200379687485,-0.7368529776515157,-0.3206336679592967,0.9300804259905124,-2.6087504563517228
0.7557421957582812,1.2288917921205016,1.451547367915529,1.7076942221118363,0.015459644630983925,1.8592740626465232
1.7581217444856017,0.40811793290565496,-0.41207239527324396,-0.37811646981452274,0.5920290833691358,3.460836702023287
0.3070458805557361,0.48306970557715356,1.2368840109052532,-0.3342983024401884,-2.1398071101204916,2.5706826308159303
0.5299269309702093,0.2224465445426432,0.20217282879190082,-1.2274650974376875,0.6902042126847293,-0.5341305951016729
0.9401202710995398,1.197752489650058,0.7929003731254567,-1.1584273778973955,1.3836097086670824,-1.4807463843449142
0.7462212187689661,-2.340207118183058,1.627963688225857,1.907181491297349,0.740915153716622,8.67656085870101
-0.14126622522608934,-0.6182334197562486,-0.673736222791904,0.5450866919008188,-0.1362143502983998,1.0258465608815184
0.0855288075783365,0.06334446304124845,1.005536005497208,0.6357611027511958,-0.19262815529263436,1.0142370227700352
-1.883808720450088,0.1482274839190171,-0.4311161605148023,-0.034383334706960665,0.8473921855158761,-7.107153194403555
-1.314142174337265,-1.4754560366834975,0.4533043117070657,-3.0622279932939853,0.0980306558199649,-3.1506757796390685
2.6012400932502255,1.5716863939118404,-0.18527731547186024,2.3283406006126244,-1.8156178440560937,8.273756699984563
-0.6125519616716804,0.19370707437619536,0.3130827880487233,-1.7039265529372267,1.6466509121196287,-5.2918817532111815
-1.7149626063052978,-0.5352205976173217,-1.1626867440244368,-0.1607997789045235,0.5656878063264661,-5.2574895980082434
1.350045792334346,1.4175563935742386,0.669835677333985,-0.6768131191300799,-0.23421378361766695,0.7689425426865997
1.7989898765513466,0.968226896611946,-0.81355935216,0.6915860920779847,1.0056411841742685,2.772293551816997
-1.3128536638379644,-1.4751245591252704,0.47531729855093613,-0.8179227779619512,0.3523389342004529,-1.979522033527989
0.03359038142180352,-2.191394008437347,0.11908699111393042,-0.5972704116745028,2.3566837604047506,1.8204839431567694
-0.2202079348024956,-0.867381505642367,-0.18049338255123137,-0.09742406015068839,0.6577949412048965,0.27999940032141923
-0.3084717137367063,0.8780451084312318,0.9590647098001616,0.9024393578206478,-2.0568028846401933,0.8574433438820158
-0.8420664966420917,0.8421074932632636,1.2782848326551999,-0.3026830919285818,-1.329033256058089,-2.5128702531052287
-0.8311617565879831,0.35263619663262413,1.6090675782821795,-0.48865108932336837,0.5165468352598634,-3.3147398099272123
-0.4939413149954647,0.8411911980398892,-2.6846426976538615,-1.753070559958452,-0.47326357568806593,-5.29008464093456
0.5527943169790989,-0.1875528786806336,1.2219069717035498,-1.7276837593571381,-1.162905806529942,2.5044856515223053
-0.1905111479213253,1.2132187482344228,0.2103862884965006,-1.4407461968904216,0.8988626798721999,-5.143969231609328
0.23160916561094283,0.8704866682410832,0.00108840503615456,-0.44451363056364107,0.42198793977179916,-2.0056746786561654
0.15541189182413953,-0.9077011939315665,2.0139895910444423,0.6213755871014757,-1.5942179971936667,5.385667482547323
-0.1957026872830133,-0.05313495713035536,1.6608504571708114,-0.9047686520412663,-0.27775144000861557,-0.11800579814166742
-0.652119462975686,0.0879236946707353,1.7351712966724246,1.0148232889702142,0.5369143772348074,-0.6361124446454949
-0.8576962857153171,0.8672739524232967,-0.3666720234169022,1.2138459472310623,-0.3303130566243172,-3.02326636405588
-0.373495179768761,-0.9456649392635545,1.0203490403118236,-0.20772209139934636,-0.25897043913664297,1.4200831274492174
-0.015974763986253394,-0.06509993698126729,-1.8859369866111435,1.1157357184692371,1.791779912821913,-1.8700460636870566
-1.4331305898343247,0.5840452152184942,-0.8325496603080123,-0.5573804624873044,-0.4677940499772243,-6.055179037807735
-0.7859865892784398,-0.48476452944237125,-0.3284398242945032,-2.2863129370154223,0.23940518790291876,-3.6008099371291498
0.9811694417465484,0.9419721691630115,-0.14428075050682834,1.4055176310972894,-1.0111626924392116,2.9935425258737673
-0.8169062469135775,0.7864517401785528,-0.9140255372311343,-0.8225937734052934,0.9973631854420689,-6.148343382370972
0.12228660357743058,-0.5668410551290829,1.7111355060234386,1.5202906576779118,-0.15518341513707146,3.6942132501937697
-1.426758523023901,-0.01839098459691248,0.041513702970725416,-0.9008829796155021,-1.2037495082176581,-3.717509936901933
1.2604754412328396,0.21298655256327065,-1.0196419275465072,-2.249655058360352,2.0416151326394343,-1.0085049281218985
1.3518070449342112,-0.019184774120586463,-1.128142220204682,0.20233541858549267,1.077717153920334,2.6751053715669175
0.2571828802021224,-1.0709089297319745,0.2629142111562537,-1.8811340513467867,-0.2792458567548251,1.838345163037833
0.126085735824519,-0.7682927700637937,-0.24172701249686077,0.7452010347420642,-0.8400305820861264,3.2452779815149007
0.4660441456719803,1.7827248014933599,0.5952922176184133,-1.3072069486433775,-2.33597759396692,-0.907507491616792
-0.13581250908169476,-0.4287049616911783,-0.4749921688464003,-0.2653487590260947,0.5049826531576669,-0.5466220188719684
-0.7106670001765035,0.5442549990217157,0.6589378821576722,1.4365022262168623,-0.4118711276797468,-1.2346697180993882
0.8636455181375254,-0.5087946632662258,1.2496433402190994,-0.6986174097526231,-1.0340424320286947,4.52813734999238
-0.7267406569037818,-1.9569461789737856,-0.706108456316364,0.8285914503532099,-0.6837591040824009,2.5740171543860657
0.4174118285256776,2.073591025611474,0.8411010942904444,0.9741510046188112,-0.9974498975022154,-0.651987821381224
1.2732693537505926,-0.8411112708909922,0.3602069007517343,-0.7174504607558374,0.419162682566409,4.071667203130356
-1.1946993298067712,0.09106334021105154,0.46764639515299056,0.09891364506385243,-0.37689208468145047,-2.8627675494547744
-0.14523129570790672,-0.866678670775122,-1.1662483701271313,1.1165719917699877,-1.321354845794751,2.8746362473353306
0.013519410019218173,-0.4266867203826539,1.177993587094713,-0.04675214669843039,1.4631252757234796,-0.3639462557317212
-2.156487652428678,-0.1087537489926215,1.2882345737041652,1.0430294741522412,-0.15756773678560565,-4.547552799514774
-0.4949174704085828,-0.4738686142287882,-1.5264201730950178,1.3450396334824049,0.6032616256666523,-0.8483853108246479
0.07176997133324095,0.4630333851975369,0.7930986564025808,0.9926306157231546,-0.43843966616339924,0.7188108578450516
-1.2915591828336213,1.7098376671825806,4.2606214973309955,0.8779715965298962,-1.3510879908738676,-3.110689170917561
1.0010022005752726,-0.3491201808788607,0.043937673325948716,1.1727342481584464,0.04296057901368799,4.63005128968779
1.6690108914432338,1.2361151722539072,1.2876459777849876,-0.7186504239770649,-0.48399769029116074,3.209996628708363
1.480147704270954,-0.6432598037320199,0.21084203927669393,0.10579605552678106,2.3222605843363597,3.7208441360179756
2.0851158998097055,0.4127426002949397,-1.5167008326403613,-0.9238303627918059,1.7041924006419602,2.165280918817925
-0.2918216606942446,-0.599236814157667,1.1673975207865375,-0.31696525947279,2.7636933541579887,-2.355998857261868
1.1913047760618745,-0.042867331682771674,0.9098550061313715,-0.4244042997439382,0.044673475594757754,3.7512179516071185
0.3406341155687945,-0.061386096389383006,-0.06645141521733215,0.7453724843703782,-1.0156966224511128,2.8584771355458747
-1.2340575135468017,1.291219438379237,-0.20886478592857077,-0.32514803730481645,-0.9141029435467334,-5.633104472310593
-0.9455229579040624,0.6921398193486438,-1.8381175570556039,0.93464485325467,-1.1503740504540414,-3.062252614823519
-0.4010167818888358,0.48275584592761456,1.6569911884501225,-2.7196159067622876,-0.8790198277953979,-2.455814593700302
-1.7794704168689535,-0.2893693337398852,2.194461344499974,1.6747886420418896,-0.8367700307512865,-1.3309157923639017
-0.022691650465244437,0.8888260711935693,-0.3610178339652479,-0.6022285058661961,0.7165933552698358,-3.4952818489353676
0.0314742438730495,0.9122104510788283,0.4401545194072065,-2.044679729009488,1.6815196988531975,-5.005315771227539
2.8882477365525006,0.1979293149367853,-2.055565696110391,0.6142669610818052,-0.7445843724717137,8.495587526972635
0.30495737532945444,-0.5462701636530717,-0.38149848558730665,0.8087412467334419,0.23852481330192832,1.950115405555362
1.3865993466477626,0.25625339304281836,0.5510097254514351,0.5943046711406663,-1.4462447485626004,6.1962569111919725
0.5589775639558052,-1.390740284639236,-0.6107163125293975,1.961797620695444,-1.115748856202422,6.758488808154554
-0.6864662276135413,1.0719454929996517,-0.5928448955251655,-0.15626711535725635,1.4901987206575107,-6.259846123688214
-0.9694598382813757,-1.9595923943584426,-0.6443910825406025,-0.09254609310688962,0.08376799285542093,0.4192929014676161
-0.5730930053361443,1.1943046788408151,0.1182657127905283,0.11147231312480008,1.2207016041249716,-5.334362751641616
-0.3349497156722079,-0.8977374450118173,2.170962299361919,-1.071689926209971,-1.6643332286854977,2.58226355478792
1.1663046007602693,-0.6503632105552463,1.0175154711632344,-0.9839031103031155,-0.07399155002665063,4.449728785880505
1.250953269559803,-0.44565163849561584,-0.4207035918838197,1.2366640418419232,-0.8836514884364358,5.919949828914728
-0.3921131323322243,0.6904749372911582,0.5768276833262195,0.36759452294082917,-1.6007655300868546,-0.5601262119656547
-0.2475958454235184,-0.501117895236206,1.8146511765580822,-0.6012326334157656,-0.6708936959506697,1.8563277110871266
-0.7986800540830049,0.8883047386867818,-0.2615032792033024,0.1424612389638135,-0.6063245736252659,-3.5736834059102196
-0.18930957076976135,1.1108988063302387,-0.2546970939453856,1.0271179699667712,0.23278061811965595,-1.8500241100908559
0.2768256247598723,0.9849546695922917,0.9744282777723073,-0.5550124953493744,2.436700346068063,-3.672731802409003
-0.5535349078942842,-0.9829124448968789,0.03017109796576615,-0.09483871036851434,2.5953818438770995,-2.660481051649944
0.142040996948152,1.3057980021341706,0.6058641526022152,0.8853536396003463,0.042784818804324484,-1.3487511395450396
-0.6387009604988266,-0.5620380625688277,0.0790120185188697,1.0566939003150022,-0.2472000931976325,0.7119277721139423
1.3513568181944866,2.162063913538903,-0.1725241346965411,-2.4509955401893984,-1.383245636360608,-0.731586861073281
0.2297543588778634,-0.4257017992268268,3.052445460783622,-1.102595383813991,0.30009213202274415,1.5893943340281722
-0.5717115171656482,-2.233372877701731,-0.8420973016219504,1.1420884488788101,0.1878103491070372,3.194969853019182
1.4234479493690502,1.0406422517516158,-0.3517245635780507,-1.0247125692902612,-0.17107269039295273,1.4706350870166218
-1.7528245545660412,-0.22272059366610572,0.6285908741954868,-0.002061106318639269,0.5053061505589121,-4.8152555607042515
-0.13091352147225854,-1.099065768514224,0.8782677281618547,1.6847985122708564,-0.1887909084086495,3.899494598193126
1.5511257828562406,-1.0194686338034673,-0.05532916537949957,0.5543662106825661,0.08860726903417147,7.1302992275242065
1.2426485622767727,1.6842925798822619,-0.27315804318702974,0.25690155958669947,-2.0967209178476165,2.4219201934483086
0.805834452800771,-0.18930119525361402,0.04903331880683536,0.24854794645000527,-0.3088753932617318,3.2845882194843368
-0.036711764137296585,-0.3642181437572962,-0.3019810554149328,-0.0014846442208800072,-0.6713021125271713,0.8125358185880904
1.0372114808925936,0.18827312103095817,0.5626307340836598,0.28430009399241823,1.7700745430316727,1.3595107217688753
0.7419761001152176,0.4827800525098202,-1.2418310276114473,1.1940506541847142,0.522135085277451,1.0344699483760615
1.0995502676093019,-1.183486408126057,-0.3050865799253455,-1.3462685376480832,-0.04393836590936506,4.706496528500395
-1.0254991899957553,0.2549685761903473,0.4744968381728943,-0.12555250271937582,0.2615065808458025,-3.6686066001308806
1.13216967032388,-0.750205043203326,0.6482799763110032,0.21683580840169714,1.6865776039903955,3.835918657020451
-0.9182216084569902,-0.02029279927188316,-0.026315444850079577,0.49698773866612644,0.7494731172495291,-2.9341928938221034
-1.2909918941020615,0.09688904657946504,0.7927146168794309,0.18120806695631747,0.7534945108471629,-4.450494497617279
-0.008876309119172575,3.2711905373315218,-2.354258073247131,-0.46763083631001967,-0.18954898937566447,-8.08653132149041
-0.07211077027484449,1.2746282105379394,-0.012216048939785899,1.5485680739387138,-1.057412139756951,-0.8652897563146096
1.2925450090585615,2.909349245857596,-0.7569610960460819,0.8687810361599156,2.389647688387284,-3.9331163019580018
-0.21425798795187587,-0.27880978111524685,0.6226986872576835,0.22586494705375462,0.847395439075558,-0.4189447697504076
0.32499572522268844,1.0011916589659287,0.5175490115509702,0.41626175118756836,0.28837381500531706,-0.785912949792347
-1.019374053873979,0.24924069996111212,1.750715462376757,1.9441013331623667,0.8769413232834089,-2.0621564452288825
-1.2433513483934435,1.5403748360200618,-0.843360227200289,0.21168171974766434,-0.37953169052868363,-6.82648032920237
-0.36668119521613,-2.0465305434717593,-1.7913177392239314,0.45300601598890433,-2.031520536913136,4.510128520564953
0.5893363763730936,-1.359300907560608,1.4058393169933685,-0.9410859363875202,0.31773153258716325,4.142905704289568
2.619667623589987,-1.7228348473149406,0.038844865249669173,0.7594744822172093,0.28914978342407444,11.573670587705882
-1.0645732474182634,0.8839775987170987,-0.3497695925089858,0.01584574229990406,0.214283558886625,-5.378342951173688
1.826460209902817,-0.8343004084821263,0.787672022937012,-1.1937628803122249,1.0888762930599483,5.454668850320273
-0.2873964549254517,0.332622420955436,-1.8917639649393725,2.3523768880073437,-0.6003442012255468,-0.31398198549219425
1.4312740957079724,0.33974688749638365,-0.6024916902911553,-0.16422776518377605,1.837320948166852,1.6450337076467068
-1.4868984054388465,-0.2687348879461807,0.05412560133148749,0.8301518656893134,0.9060910281940436,-3.987845426663569
0.26463236551557934,0.9341639444598957,-0.05134909071681341,-0.8767532174012063,1.0863656349215507,-2.5837341197983728
0.16068507765021428,-0.2106432820595595,0.1441826631318,1.7403948426645521,1.7605776151869115,0.3248884065143637
-0.45250633095849147,1.019052556379341,0.761756607432492,0.6861961078946158,0.603240332537129,-3.016864481601667
-0.2761386431316534,-0.6520655217089719,0.06613365540604553,-1.2282591394236468,-1.384845063880324,0.9534072797187703
-0.0009638560029150109,0.4776982983116213,-0.7474061919518887,-0.6931827940912585,1.3128729826915875,-3.375591858469144
0.13032226780663156,0.6631182731468335,-0.6825028849944486,-1.5573637796677746,-0.6398401611963052,-1.7259567583808786
-1.9087475672242922,-1.562862390013941,0.4223250359807328,-0.5140217349178453,-0.27404746674522296,-2.6016988733313067
-1.2666554593652681,0.1515689976920589,1.3529757592562792,2.2292412566199866,0.8205378020516115,-2.6631515424944463
-0.8906825571336363,-0.3226138885941408,-0.17866919851359445,-2.437258765395236,0.030678768877882946,-4.18237589332983
-2.783966579729655,-0.7805705506981728,1.8324513958448496,-2.2012236838042387,0.32150718667791733,-8.201200703265666
-1.385973052642705,2.473117781704072,-0.4008816371607405,-0.9166798168753254,0.5623218384588979,-10.656350017190634
0.7458379681306948,0.8945018124871617,-0.4041852607462463,-0.3760153606561571,-1.2213599442513898,1.0336019668986647
0.3086585180160728,1.1254965268316368,0.03280402924612246,0.03890706200615277,-0.24634196441589262,-1.1964488407244351
-0.9356707048290306,1.8676182217521924,2.309656629363961,-1.2890924107375428,-0.08283334386744985,-6.327581143775941
0.9412447874827957,0.7063028481385564,-0.6366073496480894,0.6677909336367059,1.617311230506287,0.25371654964662116
-0.008311476133225902,-0.5494316397524909,-0.8622909641387018,-0.05894876426741718,-0.6036251447741308,1.4329925874364906
-0.9452243186372083,1.4727726167054285,1.0678495723996773,-1.44889160404467,1.3423108166386504,-7.676097607623074
0.6262724830212811,-0.9734214607221497,0.609428134311649,0.4418074319732582,0.8620144889490321,3.9055731888968657
1.339398934928884,-1.2147119087766516,-0.9940947581309242,0.19251418355674532,-0.18145694626014747,6.037678784319369
-0.35674939725737187,0.359752069758958,0.4615018007771317,-0.08933094805845412,-0.4949418402789172,-1.1575434973079597
0.7384933120007285,0.6969248517490022,0.9599427290929313,-1.593302642380525,-0.40725058550827536,0.5001417983468215
0.29283070224061214,-0.6914213349545588,0.048995105411052106,0.07379678753082444,-0.7718118996509415,3.139741573960347
0.3257659125136996,-0.4332321098001538,0.5671258032549189,-0.9850585894952224,-0.047734991196110924,1.7843715635462245
-1.2609113381586328,-0.7260836217722708,0.25540140467822425,-1.3471145029760148,0.8489241116798902,-4.574450829958316
-1.374956460644141,0.46830183136846937,-0.19108113483653336,-0.1293396698438346,0.6721417391053998,-6.111051683524666
-1.1234621145391108,-0.018961413603614592,-0.6645299206058686,-0.37931198949157735,-0.15226628983481805,-3.432547481611068
0.3132895365677725,-0.42155541080720343,0.34401675780215574,0.945164210326062,0.1201395250732739,2.5945979994096597
-0.06852837842304142,-0.0924884979035152,0.12963091674781962,-0.16518310967030383,0.6082280551929162,-0.7675505364954037
-0.18868344895467784,1.0699166129990874,-0.6715669553733085,3.0121302166961192,-1.1370080892895809,0.41793681255039694
1.2950232073126935,-0.09378184485529986,0.5492745167075181,2.6638077282019204,0.2503117331388368,6.43891183651793
1.5366831882686733,-0.14207768225582393,-0.48450770232504825,-0.9079067040423928,-1.4535359327006858,5.639829754573401
-1.8945319686397266,-0.33385259067833617,0.2695405623549248,-1.1256676441779923,-0.24503536498640582,-5.412068777366673
-2.1499111822302464,1.5502606448153555,1.8847408311950413,0.6679583813483381,-1.499833383272695,-6.637584384885764
-0.46675974850686985,0.5540894432198272,-0.9621417089854577,-0.39253838350335335,-0.5918043791640971,-2.739940545857214
0.4403062955438113,1.2129480205935814,-0.20019748429069462,0.6144004269148373,-0.5192988721697481,-0.30812539414089923
0.580864184079329,0.3204977611662045,0.3210436576194025,-1.4874306846256866,-0.30044034313523305,0.22853169080964794
-0.2707131199556944,-1.552631562979153,-0.36823778588613293,0.6939913470404079,1.0492987416246515,1.638490494482467
-2.1360352316404367,-0.4047881789941488,0.7056759787520408,0.587983943881848,-0.40792697299398045,-4.246543987266483
1.892136757542003,0.1738749247204301,-0.729941402943745,-0.1725927594887181,0.9933551414114161,4.061090442714706
-0.6978587837559875,1.2348664477416298,-1.6657591617918819,0.5655585272522439,0.7782961004647642,-5.5327239838727555
0.35815117943765684,-2.3873586544818615,-1.0930256002819088,-1.0358051891753188,-0.6637344321418485,5.1962926944546455
0.020894966861962183,0.6862738590591404,-0.5038285143902779,-0.3349382455209447,0.09063100325558476,-2.1202622414921097
-0.33213816069280805,1.1557957661398195,1.3977938589674308,-0.763234738696761,-0.04013560442921335,-3.2341044064753928
1.1196486020539986,-1.0130563032241116,0.49561467169482737,0.835646554030533,-0.6472783811580388,6.771371007884696
1.2700494135755682,-1.4952715490866604,-1.7331776511408126,-1.1837035511664975,-0.008154714132583833,5.041008594922525
-1.373762963985062,3.1346906628013573,-1.2209708338984695,-1.4336504988673489,-2.0875458584205506,-10.359076595927679
-2.586260103262429,-0.025709669487143906,0.0873647872967756,-0.5961726762374194,0.3318824225167649,-8.36676333116325
-0.6621939390170531,-0.7093038334539858,0.8433226224236018,1.7328702070745063,1.204678729351356,-0.09092539713973763
0.34410265799802875,0.13498375894851813,-0.9725914843964933,-0.5799077660469889,0.3111358368245225,-0.800834350710827
0.2785748456643609,0.9923067001215043,0.3401126118341396,-0.32469884926654013,0.14791313057621677,-1.0710164513785398
0.3587718833579106,-0.7350687894786425,-0.5990150850442149,-0.9589687391260437,-1.4563843569415909,3.1165691470406602
1.1343778881317041,1.3747162144766372,0.017171853267590607,0.8734868631619452,0.8363300158538387,0.5547265501950888
1.025637592037817,-1.6546216190592888,-0.10419579609085736,-0.5750941914122538,0.6108580037249073,5.361781198082081
-0.4423736078301762,-0.11990621559507858,1.6573802493382048,-0.9440655037453395,1.2206606429593985,-2.1330079308962855
-1.3931641525014775,0.036076233379417295,-0.7300672144837873,0.442659576357377,1.3137834181172694,-5.752148523995048
-0.7679876910284475,1.4796121497251056,-0.47974347931234806,-0.3652354260802102,-0.5404936167142556,-5.08036580341106
1.1950252594808337,-0.13736272080011266,1.2895285446621338,-0.8894452270705886,-0.17186753409024325,3.6430044803875528
-0.715025465457939,-0.11517572380063011,-0.31992706645584,0.23113730513642175,1.4123706738654058,-3.562307888131506
1.1427751608118522,-0.32577745204870406,0.8932571057940503,0.5513377415656708,-1.607391433989141,6.78538331988878
0.678916133248716,-2.427658430381137,-1.1630125890285845,0.8101117129841768,0.322008435859901,6.948374809761229
2.176143463701502,-0.51199439654386,-1.0946428763605693,0.09755783769264252,-0.8962712358100523,7.789077185827753
-0.010862200949386074,2.2461523922077666,0.4111767635535949,0.8890144094929437,-0.806420574140817,-2.9493280038295406
-2.3372278435455502,-0.1572930786461807,0.02970074234431219,-0.6471928681483603,0.7997713755433636,-7.849055822276407
2.0206196682959363,0.7672194615007547,-1.331457841025299,0.3988495076656975,-0.09316649575078946,4.321778331327515
0.033668348370179416,-0.321420522829802,-0.010630338261287594,-1.248385742102868,0.17824953721332462,-0.6858722945639835
-0.12482100179173622,0.24600160438449498,1.4044814189725556,-1.6669513701254461,1.1914214176192492,-2.277627565206852
1.439175443735045,-0.2724127648322374,0.7425287622277682,-0.45389910852792975,1.1011300960574408,3.761784114419617
-0.3492952810846715,-0.8209509618935137,0.9003178093598707,0.4742352992726412,0.4834019525810521,1.4143836960913814
-1.072947800165939,0.42978775162911315,-0.748336274644294,0.06949165698294608,0.5147718864558621,-4.845940181012281
-0.3531644127460178,-0.7731834720169599,0.35420367244691486,-0.6075746874787925,0.9104171663496635,-0.3708675706764231
0.5810703106866502,0.9918308542995309,0.7068782335706533,-1.8748584730083167,-0.9491345542069349,-0.5518333519264911
-0.39319931143498205,0.6822796516828381,-0.7217626491790555,-0.6821883238622541,-1.4383950562494903,-2.126529910997494
1.8262544006860955,-0.7875682866956698,0.4778859254438431,1.1952882379456644,-0.02719095432163228,8.012228588142442
-0.9739454557849363,-0.7534386951752293,-1.185278220506727,0.833781248626996,0.6895491719561773,-1.8226260205642344
-0.783599045179067,1.2314289016194337,0.27313523592882843,-0.0255445269435951,1.2479855511173605,-6.021808608624123
-1.3828150649330109,1.081257566094924,-0.4124703280344969,0.19259318825333197,0.08407273938593375,-6.45898727440797
1.920209179179547,-0.3735697074765054,1.9787190663416345,-0.6448779301435198,1.1103481012944758,5.865299685059404
1.7372065772286167,-0.17648002286185685,-0.428390009414937,0.5338431229210787,0.39460654121335,5.275419549135551
-0.3030509660932472,-0.3056806470108804,0.009688959053843467,0.3715315281629399,-1.3362670754230763,1.1935015120575048
-0.8908135976346395,1.3797274661478796,-0.8886434156639633,-1.4997873403386988,0.3394041776142481,-7.214895013554598
-1.7927471031828874,0.814899009762376,1.3748173594000066,-0.795750139610661,1.1766279514775493,-8.451609728742342
1.454429950375974,0.4865042443979381,-1.365926982421278,1.791113123696768,-0.6000648350056514,4.713188634302618
0.6280310827826914,-0.9090214729829939,-0.516450249978241,0.2689128164284917,0.4332910321712013,3.5426164172632024
0.6462650509275637,-1.0549662868409229,-1.80097649774553,1.0691313303229641,-0.40064356843914384,4.182262382165412
-0.37956455735120537,0.9393057545348785,-1.2908880285802282,0.3210519297942151,-0.18730018604685225,-3.4974908954566315
1.2147624284884646,1.6695411569635261,0.6962430834852221,-0.9869995392947046,-0.2719324177307738,0.07107328261568131
0.024627528055157104,-2.727249602940989,0.48233463149709077,0.6391028219911944,0.10005501469709452,5.667966610876179
-1.2028499988037833,-1.6027488152724054,0.8521827417591439,0.6088345025879445,-1.2257360056476834,1.4917316704850045
-0.9176378735668105,0.636702852168975,0.817415095648747,1.0387308760267693,0.9465240417707793,-3.8353531119864432
0.2635431721693691,-0.24315326195145487,0.3857164490015908,0.8614672115736401,1.0645027941623977,0.6821317126837853
-1.3818507271183973,-0.9455948660904525,0.14243628406637251,-1.0084745728245907,1.0302476203199764,-3.9089011675552507
0.5285913370131526,0.6783836179179628,-2.50203947829699,0.5837053507147055,-0.9185501333356705,0.4097626436724352
-0.9587046244491905,-1.3294034236946335,-0.000779336659660072,1.5234738612711782,0.6553916747424146,0.35618860070392794
-0.4844079046836579,0.9037497810329765,-0.7581281822247384,-1.5141750654555899,0.9863598913140862,-5.94466118871358
-0.5440789276760518,-0.43792780486516625,0.5527496128219116,0.11425769381171041,0.4338345407960829,-0.6695571688893874
-0.33546932640644905,1.6558465139314398,0.6430220508061549,0.04011598079618491,-0.7858305947510402,-3.307905955980222
0.5216431849410385,-0.20474267511566588,-0.39868796027556547,-1.0411682309541563,-0.5024535510463725,0.9982787267831377
-1.3420438137834376,0.9734175095006514,-0.7994198201747974,-0.4759750408574507,1.413873619652555,-8.20467271087861
-0.6819209123871485,-0.45515298454051745,1.064999378586414,0.4584695941204006,-0.11730220936312025,-0.07839443086776687
-1.4042197355491426,-0.9799583811252776,-0.06985356685294425,1.9141977279647087,-0.7088719920224889,-0.4483337766779297
-0.5298003490924169,-0.5986960048468897,-0.7382061778151792,-0.11563315813118737,-0.7760166204068307,-0.11688676027942764
-1.0247466162969934,0.06067440588156903,0.9565076628899322,0.08839891658355661,-0.620286007184396,-2.0423847811408273
0.129971663056787,-1.5355041507927585,0.475092770033798,-0.5032773904588981,0.5781811483547113,2.7363837756711087
0.4431419070303226,1.106897438699017,1.3338620756504456,-2.093470859190644,-2.0056024042542395,0.10181964108851063
1.9358209580700951,-0.029108501320747028,-0.4865981369737541,-0.17952836044702708,-1.37751378023567,6.854117805839948
-0.49229924755107585,-2.3351086672307457,0.4162583584341952,-0.8674693156260445,-1.5446081876370186,4.596400589008351
1.3380365633668907,-1.486499039631735,0.493726337378903,1.006020788210424,0.6768449746823795,7.2416869370127
-0.5611104192119871,-1.1418287793900805,0.6825537876116906,-1.6593095037781427,-1.0423844307975274,0.5765328541291508
-0.6920099805391776,-1.116535182366309,-1.9754591319172463,-1.0884887614901755,-1.8695066883092109,0.3000042816405841
0.6233056534172488,0.18875868437700377,-1.1793719951624677,0.565535524809089,-0.23156839270761134,1.7777116887129165
1.0151535898652828,-0.1977726499533331,0.9891733102330998,-0.2051228944555996,0.3365103928314263,3.4439705924844723
1.091775756496675,0.3936643628021405,1.4576004234353301,0.26118805975264503,-0.6415261059403126,4.315826948692008
0.5113438367966383,-0.7202395040056768,-0.03440540727055617,0.6257052461367556,-0.5822715061653244,4.137037271137905
0.14461878778032825,0.9638343003223357,-0.0030782513091966,-0.7081533259219787,1.220733036091967,-3.4248130106762207
1.7701345983443486,-0.7012139850940403,1.3878177993887735,0.36487595530436334,1.4577231143931153,6.421724777848938
-0.4929868075136416,-0.8179110274055875,-0.03281093493443368,-0.21184944038961825,0.3192726496092493,-0.21927728423827428
-0.8667659729019809,0.46299114584439144,0.46399677060480904,-0.6391102191838643,-0.4663341125586733,-3.051336809518172
-0.6487566949369489,-1.0157380549748163,-1.0425661347145925,-0.2024760052873937,0.6323958050792399,-1.4194337907648666
-1.3083145537305694,0.9177975566814057,-0.9363494598534252,1.2304806151307495,0.11917851136146626,-5.184868812971774
-0.6891906976989665,1.5140216598550962,-0.7868096990556044,-1.3577189707181903,-0.04599921729404334,-6.7136311865872935
1.5914243413644031,0.9595209368067948,0.6786707739947775,3.3572547006767395,1.100926070699862,4.645355447769019
-1.6379779779925638,-0.851112540704031,0.45516574713097374,1.4405872656517906,-1.3835509103408576,-0.32242315076490524
1.7537215584898294,-0.5160109211032656,1.93907274564157,-0.5889575636287449,0.12178952057911674,6.781565141280405
-1.5661440186848394,0.5821700297394228,-0.14888580503059257,-0.15895103332825683,0.10847670181477213,-5.96393366419018
1.0685264246078927,-0.20370556170544704,-0.7166189906705476,-0.3459433415168717,2.5246167323412867,0.46155912581610586
-2.757239419919508,1.3785803755867845,0.3807069585858429,0.20289449894828115,-0.5159330756322553,-10.090356677717718
1.74852304692399,1.3982174904508364,1.1141912865324572,0.13416040063534315,0.7824800737523506,2.0476548480821117
-0.7020160634190438,1.1321036919728649,-2.1437097249822448,1.3287968851987517,0.19275267752989877,-4.80131736548941
0.19092641235625735,1.6148155602998255,1.4659172293524056,1.5295352557645379,-0.09901687117250783,-0.5566541842882374
-0.08684607961323257,-0.8321835370198754,-0.7090333541092615,1.10558402902224,0.18388519189705316,1.8914066357554462
-0.35066416328165334,-0.6198818799726304,-0.45753320404475145,-0.17339713699919423,1.7771393838236187,-2.018518698386457
1.5477421697530698,0.5802799519970975,-0.16390097160725292,0.1696190868048376,0.24687440559075638,3.2603077517460326
1.0709223610257972,1.8059537112964932,-0.43403373349037394,-0.6839770689796096,-1.0430091220993483,-0.2676637419912931
-0.06091480807171758,-0.9041919952948158,-0.5891782903611864,-0.6152016610133982,-0.8639848377489601,1.5301069337037407
0.4715495906486373,-0.22423563859759868,-0.9740456756736924,1.4820369036115317,1.3411634357351978,1.3275173277604597
0.9504934790685724,0.4989152043567427,1.1726288853658446,0.5932691737815877,-0.024478267053628266,2.9933978267272128
-0.30643509952005066,-0.0978539696757016,0.16180297571198549,-0.9295554148179779,0.8374519351637909,-2.14272535844809
0.8617541635496225,-2.191903908273391,0.2830001479339019,1.0962879884835135,-0.9232138057500731,8.752033520134802
1.0634166358249366,-0.5548208949284106,0.061788714477865304,0.17879888978083872,-0.3856105569785698,5.121149229815762
-0.600040425705011,-0.45466575150570265,-1.137372432882588,1.3723218982665333,-1.5937420910311975,1.095761767621941
-1.1610530541051192,-0.37239480710718675,1.28115850544226,-0.5374462977282222,1.4076204446988216,-3.979410858988305
0.3392759211991378,-1.005368773173613,0.09220066039417461,-0.4911481073006012,-1.3454688410010907,3.6224836509162244
-0.8970605255881866,-0.24895826768257479,-0.09433895183991993,0.4026315969491394,0.6348984090222632,-2.6272036642147776
0.4327747071751795,-2.1422807757122793,-0.9153948643351038,0.4434783070179477,-0.7915588477274681,6.2786910876203335
-0.2804328003490736,-0.919028221245484,0.44939824021448094,-0.23959744964374016,0.14490517032327144,0.8245669772781651
1.0145330641021388,-0.555979794383648,0.4877984444938103,-1.7605159185200652,0.21130451510232304,3.0532308759490867
0.9169157935858288,-0.061498087676672655,-1.70765503263634,0.8745262622879637,-0.4413809130030205,3.1310881101001837
2.1187531477807044,0.7650710255657933,1.188590612765519,-0.47656827353308867,-0.42573014130080294,4.877321276337979
1.2632953936376843,-0.6058618491703196,0.8075973438442752,2.6710080030192334,-0.463503498079007,7.846531585222638
0.5369648181161053,0.5065503620087012,1.1333837332909547,-1.2016898427196674,0.9075011117110491,-0.5153371858843872
-0.6125285360817159,-0.3125854708770628,0.3408877141134934,0.49337794712586186,1.481637601605292,-2.0983451367320374
-1.0197500888169246,-1.360024302934607,-1.0752177459363335,-0.15562294470481997,-2.115492321571919,1.3079375367901918
0.5343583269020764,0.14720856096338827,0.1092645417097405,0.6705762037491588,-0.1240100632469095,2.1514776122103885
1.32930676993308,0.42885789871785557,0.6393018882647762,-0.4759987027851289,-0.6270900344932658,3.6718880470419046
0.8960928986949571,1.4409664305951453,0.1251372620087401,1.0015005467488596,0.4860059245132314,0.3071979339078362
-0.12998602206598214,-0.07465738880867569,0.44229172446695136,0.288438537721438,0.5074965826289158,-0.21174125972641122
-0.5577376157368411,0.31200986486237986,-0.09501978950835338,-1.2741271201524251,0.2823236932623273,-3.708318614736631
1.1675142471063797,1.132096476845477,-0.11687124386513237,-0.8459257777313219,1.2871980485591223,-0.9728480463417319
0.26073297411449553,0.17959678986677802,1.5013795882478795,-0.7455875755174654,-0.681157467336714,1.2245580311465534
-1.7883390180050958,-1.56674771271524,2.136691759055647,0.4497366233815368,-0.21278931828882358,-0.4734906955102587
1.5524583407195849,-0.6564844432222035,-0.5320420324712203,0.4214877933726054,2.089966100107175,4.057203175928051
-2.226208329331193,0.7247887577668537,-0.9708727448443096,0.6382550079312561,-0.9715919266564356,-6.786498714079185
-0.7797669991597069,-0.08498433212389517,2.651133271606707,-0.7776723399033983,1.797800063844413,-3.253306186126291
-0.4069139371307032,0.4804256543242947,0.1750345561168858,-0.3697408282033479,1.0491881487282373,-3.1291849652069996
0.609785841567002,1.1290356240308916,-0.39873208533041044,-0.23999430562479204,-0.9207605417421192,0.4942490393641993
-0.5410671395047455,0.26628678280873375,-1.699055020021026,-0.30131294776959594,-0.23066550760897508,-2.8312336399509
-0.6928657588809461,0.1726990162144941,2.4875020481833303,0.23772022015732686,0.29612252692269525,-1.3244283224585491
-0.03075682158576717,-0.11808839505839516,0.15030700855223061,1.2693541886760775,0.05559216788207342,1.1036849491417389
1.151300735376142,0.2800782512374805,0.7806405211477857,0.3656888313484309,1.198433066926624,2.35079010446672
-0.33349154119147384,-0.10498062497990923,1.0984119367987162,1.5527529624042664,-0.05081603067817471,1.2425045518235316
2.12137034727789,0.5493763016703558,0.24425095534512428,0.26227455662512095,-0.9377836366382352,6.585450757035284
0.27238501394584513,-0.20375023974386444,0.5017931081657596,-1.357640063366844,0.6080384070248862,0.07369063649199742
-0.49797579562272454,0.045195047176987295,1.1749987810786082,0.7198230897937209,-1.5371103344651404,1.1308615832917688
-0.4275620516092679,-2.023083661986384,-0.3495180959955859,-0.48557675881157675,-2.6502749530516017,4.910533208437019
-0.6669436996169239,-0.10274549754715355,0.12721463004939168,-1.5997036857425766,0.05738271596607544,-3.0703281430224534
0.66844223444224,-0.8501540203142078,2.4966744005417,0.9902126052181248,-0.7596167813335145,6.612626697621594
-0.2893183751904946,-0.642176131648688,-0.2981704795818954,-0.027023360370134114,0.6148446540118457,-0.14560816338535296
-0.1626690089566636,-0.24401829117514287,-0.9677311509066079,-1.8128022395081194,-0.5367802983437823,-1.7925084577906478
-0.6345013347820369,-0.2596308234085013,-0.03981239987817355,-1.250049206474377,-0.8367441163223096,-1.5341402867723002
1.8236440153951956,0.9570831179066097,1.225198448213504,0.423821253995221,-1.2320305483356295,5.572854554167902
-1.9115484465394235,0.3904216845957527,-1.6237178552763096,-0.9526519102228818,0.23356090128701862,-8.48627322273011
-0.33804867581062426,-0.15867276003751798,0.7460848153980049,0.7076504255675797,0.5155991837714825,0.1295189907435041
0.3897205937153544,-0.9301844888050961,-1.1083698693045436,0.7822326355204355,-0.8935005168179024,4.073540199813098
0.3217964050743648,-2.120653674328887,0.48145090433132287,-0.1755513997510731,-0.9628317640087951,5.980749713264473
0.04140955136541253,0.025955668195093692,-0.6336238437901858,0.47897525769859134,0.4885421050977736,-0.5248484764923753
0.7581982375298166,1.8680470564635534,-1.4806593059701478,0.04529124047536569,0.6081807311316725,-2.6765772612026093
0.2539532402164912,-1.2435166618480826,-0.1823020072301285,0.22340371672170856,-1.1311942992841864,4.460980118666118
-0.1998986595478948,1.0566037588343342,-0.8911084077582591,2.5082122674926586,1.239104163325999,-2.3052254448458966
-1.0397962448560292,-0.4565040743968218,-0.8662624044306534,-0.49121534571956244,0.25264382892014736,-3.2923324181624998
0.3390349798872468,-0.726373217633505,0.33337579041942794,0.5494377857106612,-0.1797336646895772,3.2537230064028653
-1.0949835893177162,1.5070437352094201,0.6665072295866311,0.9903788163112235,0.4654866650340885,-5.72394816075845
-2.0285583258674516,0.7438890589506822,0.14785269985713317,1.5223380458683753,-0.9792840356611976,-5.457622610220106
0.9675932132275031,-0.586854941676692,2.2292848344903433,0.27317635350045494,0.8909116708688852,4.532411828657429
-0.2655091739336666,0.4226897706453347,-0.08355092289274337,0.8903184981765783,1.683849263956554,-2.453805073854528
-0.48954340848703326,-0.8958045811148743,-1.006019255569148,0.7060015571018996,-1.336237087271918,1.7638032260419128
-0.19693227390463844,1.0313941302521548,-1.7281676285651724,-0.17544120267819976,-1.047162171154602,-2.7327115779253854
-0.13865741091137979,1.5677697541803735,-0.08487844660623652,0.2930537745830503,0.07981756464016769,-3.1596710514339534
-0.3213243182737195,-0.7711036353143481,1.1835270539326939,0.14084587911726074,-1.8560478734183548,2.776594111473977
-0.1853094739428839,1.4560604776681663,0.4108134042837656,-0.16110394159818894,-0.2941900872801277,-3.2616359450835573
0.24306238964879523,-0.27550369718468576,-1.0830849170520873,0.09137306578964673,-0.6364918299235057,1.6000850271380604
-0.1314276418467412,0.2263867002148741,-0.09020768930678644,-2.292998492806327,0.7616299997990233,-3.156570177447923
0.5338530286024564,0.9573361242290768,-0.9914646642046359,1.566038785769138,2.1511477466910147,-1.6544855405371954
2.503382010131457,0.40904607611029986,0.022113112243292536,-0.08716206678431161,1.7089221238379164,4.679562032051447
0.9990588826759489,-1.3625806737398294,0.3546658349448892,-0.3283574052709798,-0.6113885822302209,6.2241486877738925
0.4843955357154622,-0.2895122874506098,1.16780074474228,0.5384721177987332,-1.4213087546256025,4.0995641409690835
0.11145640097793678,-0.4141768109714177,-0.43807260535952464,-0.5549018071411701,1.4518512765762834,-0.8888331123769698
0.38668389832593075,0.30028500400037167,-0.19195070480527485,0.7521682943516937,-0.17644016987388603,1.1853227883977822
0.8095533756534916,0.7123567567767428,0.028028017241223408,-0.6161959441930729,-0.6778831469481524,1.0144103651417857
0.46150243566502297,1.912303003138219,-0.2386732773736006,1.2021253705259682,-1.242030303805766,-0.2048414584894099
1.1948884118764782,1.2535079202201684,-1.149038449135261,1.1869336106694308,-0.8972462386152887,2.346810816334793
1.0978511087127911,-0.31091546510970336,-0.5382559882762223,0.025993817265185723,0.1252386074015286,3.696587226825649
-0.18915492086643199,0.060894757356760386,-2.2346296898721776,-0.15833276492401369,0.32038575737069985,-2.618931508536107
-0.46471607985171065,1.1912459852759165,-1.283355687665203,-0.7435588600758244,0.632252265826412,-5.5162851156823605
0.5040303863792491,-0.19418737897602475,-0.7337630140794281,-0.7268455991586968,0.5271541404155865,0.5940705767082597
1.6885657912850423,-2.0148411105193196,0.13152068825698462,0.17690056484939615,1.2095801301290288,7.823959013990855
-1.0759663661225685,-0.42956847427555367,-2.2841744043144603,-2.0034757529447127,0.5949660929081294,-5.629429684403809
0.4588264934043464,-0.5073440778432159,-0.9100150451646285,0.6547101096164383,-0.5413870724211801,3.008438049600944
-0.048496195627323546,0.14678738622639803,-1.0438809707580508,1.106766113497464,0.5795400129119915,-0.6604610532049454
-0.1451823766486826,-0.7443539821024232,2.6428462459063593,0.16706973773113118,0.9106454966851988,1.8034755257493702
-0.21781260744388312,-0.9473670071781451,0.5133985801192836,0.2855834663641991,-1.5637927641926186,3.402611741427532
1.572333969109283,-0.5121653673557852,0.46337576663779845,-0.2410408513881862,0.7981024616711828,4.8937757975530545
1.0839929869651634,-1.1384343725565773,0.9996333719869548,-1.7998537035392432,0.29552653354954145,4.456402442939842
0.16208629758367663,1.52620728857252,-0.7408719395156315,1.1272128667208035,-0.48867724419388675,-1.9889924175070857
-0.5062154208382617,0.7032294119000957,1.00019307891523,-0.8329083220761712,-0.3109360688194333,-2.9345373642571917
0.9332281573478444,-1.7900009608517442,0.30555872626140357,-1.2434302114469546,0.01448351229351117,5.493344068492568
0.3650456259451865,-0.14017189806875194,0.17059501317180203,0.7702026753861904,0.3830699122483088,1.8367348112275121
-0.42499295059517594,1.149968917866328,0.7331711011415758,-0.6603716247062987,0.7080943892811545,-4.6007621838837895
-0.4061129996347601,0.6638422739650732,1.2494031926410085,-0.48051352263793873,-0.6241705377902657,-1.6087480535802785
0.2698859785597524,0.2205655574039619,-1.8745378473046819,0.005453683964766551,1.1945764876316782,-1.5373164951651928
-1.6554640529715685,-0.0269785718294069,-0.060202162440197694,-0.05703141470374341,0.6433496290650468,-5.941885749042464
-0.14513966990974372,-0.7184675017652475,2.8835803936824465,0.1447992220933054,0.03393325673507869,2.3421888096700227
-0.276797239112443,-1.2409441698880739,1.3462010892895508,0.7586432338490899,0.2600773050100399,2.644903417182836
-0.5624786310678347,0.08457400620394827,0.30112026214351684,0.6291335127971648,-1.05459328297749,0.021551991371083518
0.7035355868846872,0.2766921230368977,-0.561201101908527,-0.801483029265978,1.0285860498482589,-0.07425422641108254
-0.7576672597187848,0.6421721221232476,-0.6448898433728579,-0.8674646860533133,1.2485040279014537,-5.971285831005769
0.23965767448773292,0.8046441141294345,1.9567556993996629,-0.9152891329809988,-1.024421150534182,0.425777544121498
-0.3865861821152562,0.6590731937041078,0.47667466351051246,-1.906402066856008,0.6845128351162528,-4.597171048109468
-0.3911865644319057,-1.6448328507397942,-0.909157844739517,-0.5062107138618724,1.327937458928797,0.24909328939264452
-0.48913556089548577,-1.4163119146734442,0.7789703908118057,-1.282703289184973,-1.057290138916271,1.768771326237643
2.8644748447612587,0.9481410856816618,-0.46349468961255963,0.12799134129634343,-0.47430928278603285,6.774778385724024
0.10288452424681313,0.9206020354846747,-0.7572795660382082,-0.37627043803492677,0.5008420078775039,-2.77750282210986
-0.8310116041427693,-0.8307483767920155,-0.4437315579355721,1.1000465405096262,1.034947598615495,-1.0251709731991894
-1.6071793204125235,-0.8313627814896916,-0.8107643370661827,-0.23690920232851964,-2.224444335239421,-1.4107556204908362
-1.479347543158412,0.11103182452301104,-1.6134835253666922,0.07190772349403123,-0.1709270931411637,-5.337269793630615
-0.987888503489351,-1.4690890139208554,0.7130657624585284,-0.33658238352858544,-0.41456115005415145,0.19453000682681543
-0.48323367182284377,-0.7170942277994782,0.03791630778791321,-1.568463630561523,-1.1715689111862255,-0.1420674461210938
-0.2003601116922789,0.5015954467177374,-2.0943600500379045,-0.876389686267678,0.661413120620259,-4.2738898638087965
1.0527527716623255,-0.33169926804761635,-3.2043041698883075,-0.9918530920331594,-0.28184379831385137,1.9469085751455146
-0.48108446891059403,0.5629491654983766,0.5831816879047004,-0.21422734986097275,-2.807338914481021,0.6528641412923966
0.3766815741409367,-1.2881777613790535,1.4737589216271874,-0.2568393156021121,0.254336516937822,4.081402205317287
-0.030499350483840983,0.8367783780860891,2.5991033148332523,0.8874117765592646,0.8349984605437702,-0.6676163901269229
0.6070521455958162,2.003260084964349,-0.15363389537458141,-0.6880502113909973,-0.3935559771263271,-2.5917607727187626
0.5065359257930917,-0.7058003252347741,0.23456150374571147,-0.8280774525067265,-0.5977683949551078,3.134480067716506
0.031139150102640106,0.6996865749762813,-1.1440757028283355,0.2776423671248663,-0.7603891793275112,-0.8352766968726393
-0.10187938427860996,-1.2224454067044166,-1.802287581705284,-1.5296146840547185,0.09491976672860436,0.10717483659782279
1.9679608095922008,-0.9322363377177204,0.17269569275819222,1.9495789370907428,-1.035795098496823,10.019836795365265
0.1082362026819481,0.7086559636469256,-0.658778009165387,1.5620891327444568,0.7823559878592112,-0.871448014279195
-1.143887029556848,-0.0435443824519544,0.20070894992522573,0.9788746079050424,-0.03361175250401478,-2.1014105055839822
-0.5829604461804856,-0.6098146702970116,0.3949591688192759,-1.1488507197110764,-0.3131481064924305,-0.8363001702225581
-1.674672403241261,0.1453200899487982,-1.444233048867122,0.46370703271268565,-1.0820305046188663,-4.7030874596539185
-0.6489216544658513,-1.3549812986890293,1.0777130841335092,0.05921816157707305,-0.5616305718503524,2.111148159008456
-1.4700718355781577,-0.04952215102987894,0.6396099684676767,-1.535523116084974,-2.8014420320743008,-2.5096776965454257
1.026445171122309,1.338562916974029,1.7445371057670462,0.6723110763042719,0.3685174974569412,1.4012280999256734
2.242883615969702,0.7701295245806965,0.8545527265727835,-0.6669947454868631,0.6821939706282353,4.79700996134655
0.27689795153222735,0.8297072548363279,-0.7056748998596164,-0.7916559935235425,-0.6040559784807354,-1.2188211119318995
-0.7650761999114594,0.31192568471948146,-0.526709490054133,-0.20645908123298382,1.8710690575219309,-5.310630267473073
-0.7466517576822327,1.570134778801266,-0.06582217450533666,0.8590223762443532,0.09364974158075572,-5.06566650328628
-1.280879501377738,-1.5443018776560251,-1.1791250238840123,0.3299035435674473,0.3941690243582308,-1.6013474864974355
-1.3952863237664708,-0.9768838720210026,0.7557309557080505,1.0573769320329935,-1.0191709870035923,0.01436219100301831
-0.2527424330262178,0.8815689463682277,0.1529811500322641,-2.1139357331913176,-0.7545031193773397,-3.165983683109317
1.0185650329424618,1.8408311398152928,2.060589551223399,-0.49084282578807625,-0.21000438832409626,0.013541418117377108
-0.4003471786995953,0.6845685913999803,-0.49631655658947293,-0.14460526196718013,1.7008768364762168,-4.557329830662885
-1.7767180767300406,-0.6806769799299853,-0.4710407776231771,-0.7347453854745047,-0.3265777426266636,-4.433548497317185
2.116833198263054,-0.14578398177293495,1.7172194776856073,-0.4414093959372748,-0.43848324383512827,7.506755890078588
-1.9008079558406101,0.0727125513295878,0.8579768909579515,-1.1857912918910862,0.2190327728206327,-6.664552825972893
0.6101629055410893,1.9033631282964394,-1.2070613199027431,1.2814011571994577,0.9523630836568165,-2.330291951553627
1.9165978007895244,1.708496369054789,-0.830992697997722,0.707860032987362,-0.015831629984460582,2.4355389064030084
1.2020215252228077,1.2544523280133013,0.5913343713315304,0.6646208838804559,-0.7760697365044971,2.5339964285399197
0.7917006248973872,1.2255834796317027,-0.4445453536973902,-0.9986937054297191,0.026476036139331673,-1.0916688366051366
-1.9777058375405574,-1.8545604566526324,-0.14788449068644263,-0.06029960992164767,-0.4948047598740546,-1.5304981957954873
0.8188160627382887,-1.1638957579032057,-0.39301554062134547,-0.09078329942157225,-0.04674508245693245,4.30274051452285
-0.714469235034141,0.006545017356535916,2.4373750305889823,-1.3164576037225229,0.5793584831643881,-2.911600347233635
-0.019970341529444033,-0.15714892228775557,-1.27659674545325,-0.22915020652651075,0.059363666668030286,-0.46891466514032754
-1.4477977171068819,1.506973138851974,-1.2445082204462956,-0.8009072877681733,0.7796663621852082,-9.49884271192793
-1.2509759703902632,0.9246921132661815,-0.12029690827892356,-0.9949371218066401,0.49559211016685867,-7.02532636550664
-1.0174177018391457,0.4233899006073336,0.46648217096965905,-0.8697376533708353,-0.2505888453112092,-4.157962389878338
1.918273157047428,0.5557420699718949,-0.3946667265037358,-0.5675365184018489,-0.4621208736801253,4.429935400415756
-0.9057961655942316,-0.03766198110055553,-1.6286796662091017,0.5461370056226843,1.1060497113110066,-4.0073830946694855
-1.3836373938033748,-0.07309954951964015,-0.250999863195636,1.328114890861748,1.587998524011549,-4.625367901701703
-2.411351900026679,-0.5398377583350654,-0.9395504891128648,0.3391695666183918,-0.8987500614469779,-5.2055496361663955
1.8214882828501366,0.11130150822681807,1.2223512903900406,3.054468223455693,-0.06653683029552017,8.271716805328781
0.6773826414976682,-1.1652306492715214,1.0822364810182672,-1.296794132327244,0.0806624419250883,4.038673448632981
-0.5418450492357593,1.0865288242672066,-0.737097569903837,-0.9152547415417644,-1.8355966139357875,-3.2649305212209137
-2.450273920538635,-0.26520162631532973,-0.33586289671612934,0.4187132530389902,-0.011391305481462125,-6.974214207716765
-1.0799563507649734,0.0422767258567398,0.9596071387725391,1.400236919734472,-0.012021024217486014,-1.8828184785363866
-0.7939409139200914,-0.702138514313498,1.1747358760569,-1.7051773266683663,1.0891019799998136,-3.0153235324711205
2.0460930397431776,-1.30300422826821,-0.8636645082182905,0.6194713469626334,0.7670568778051563,7.744859491352295
-0.88943490792438,-0.19904721280180432,1.4872486748511233,-0.88695442237634,1.2908563407339249,-3.522858696708976
0.6594952587966937,-0.09047936960421787,1.0010549161590756,-0.2544389479429132,0.2665698033849641,2.1761350403218582
-1.7249538886043416,-0.2655967951090204,2.101895455103984,-0.577101119235696,1.2654307566195264,-5.098368436619115
-0.354824451915776,1.5374195124975256,0.9801587448613759,-0.4980558166524392,-1.3784910777566843,-2.7676191443056934
1.02366881578946,-0.1745135437228202,-1.6547576493886398,-1.0400480986665033,0.305476546925304,1.3846329056077407
-0.6239885476694774,-0.6902478308077685,0.12624140413962967,2.3534150710388224,-0.41693563830258384,2.1693690617921124
-1.426267601822141,0.6935970840749655,0.33087080509140687,0.09088045775077729,-1.4508961266264255,-4.318102976825142
0.7581473130073477,0.07872718507688668,0.4268485232003842,-0.5304693549920314,0.5086850148663019,1.6406598813438973
0.5913855356854816,2.004656870392009,0.7781650472991951,-3.0904710360065857,-0.39343240506858557,-4.010608409840446
0.29941452291538656,0.1724972126315332,-0.25161552302195367,0.8441825115790212,-0.09533945256143542,0.9823527265699022
1.1275635309716108,-0.5985635408187827,0.26919941420098814,0.3106715012923451,-1.0960130039358522,6.258531530354537
-0.47214232900067826,0.5661892666915392,-0.23345899859639263,-1.8091420473486428,-1.308492043324358,-2.8790951163099425
0.3785850582776351,0.5576118292724718,-1.9810308678000856,-0.5194387328144007,2.2053154036168467,-3.6324398238654587
-1.1252997260553388,-2.7548883909797275,-0.2935071426206185,-0.17335139194546687,0.18001327611132895,1.9532803817360014
-0.26388993766357904,0.42264979293097504,-1.0917874096228135,0.6214150474391429,-0.772707244958342,-0.626297367223593
0.06798872561709174,-1.2121850449317695,0.554198177856137,-2.2537138414314257,-1.6679635229826124,2.896465048358878
-2.1754670753541014,0.16142566176189585,2.1706941671972126,-0.24236356369135922,-0.4990443018041839,-5.370604904669961
-0.6028324566008367,0.35223467339657194,0.09711975896732694,0.08879228072780614,-0.35016061694039224,-1.943330123073161
0.7065434086473624,0.6097698961645062,-0.018300451026095562,-1.8272412688175468,-1.3473198949037986,0.9862871897962879
-1.5973661551493012,-0.7754865148872415,-0.07795856064251777,0.36963920698434494,0.028758603145676756,-2.9820515459756796
-0.7142261715399423,1.8346566967817695,-0.20197027070846527,-0.06833274106080325,-0.5245379997797411,-5.78492183989385
0.10903069089995503,-0.9287569378162238,-0.1006374922918277,-1.5350252440023375,0.6276300154050163,0.39336028671794543
3.0374465339285237,-2.2122461219007166,-0.015522059526003835,-0.3531403172398291,-0.20467478351274523,13.767900806258325
0.9812639522734443,0.569443709575158,0.9625415781662026,-0.41133031351122185,0.30545919896957113,1.5737418324560652
-0.5465500727005606,-0.8422417233587769,-0.05518352027487271,-0.21714982905319904,0.4444606946649375,-0.3348864480439625
-1.5720496231183638,-1.2150506782507926,-0.288015699545842,-0.616099872603416,0.00427918615026902,-2.7282178440922134
-0.3604008167719338,0.7632441511927988,-0.9585276473866923,0.6087841378024041,0.00626207062105677,-2.6602533247731155
0.0322620823050847,-0.9293736390898852,-0.406801268234813,-2.2036536066099326,1.7595650977245023,-1.9166283172265306
1.0980157554531653,0.39258887248060326,0.2761661935305937,-0.4699069193773595,0.7462425212977575,1.4799491284111206
-0.5318384722396495,-0.22270061619966455,1.1409224604706225,0.6598570451796957,1.7250258093188269,-2.0253389255241108
0.8417898047017214,-0.9965853133822083,0.21049847815217892,0.4780533143113235,-0.9376381028611785,6.011968499160589
1.1089185879419485,-1.6000553908094792,0.41892265217253505,-0.09830582569494509,-1.2087887612007977,7.865951216501177
-0.2390530107793644,-2.382696205331093,0.22343130753909254,-0.5763865552514702,0.367177056143792,3.0400104933763012
0.7827328813902484,1.712017061235528,-1.465260998458272,-0.26412150967540693,0.006978863985432923,-1.9753866682982428
-0.3673615643645198,1.0530538660429167,-0.2713175631896117,-1.2957315257305073,-0.9017175342579798,-3.2987157119690043
0.02767581240054907,0.30626935364709873,0.6914853016436875,0.8708490878645785,-1.0841844526534148,1.5704524902708121
-1.5202868057232024,0.3274928566219452,0.5977770296203092,0.33794571778649224,0.6911344915062476,-5.5989232442710435
0.04617320637924803,0.5846510950587672,0.27381954489837323,-0.7610602411115331,0.44696189705480793,-1.7299047692319656
0.8604225428721973,0.27824586581458405,-0.27645016421764945,0.33028180646077293,-1.4819741330967746,3.7086549037407446
0.5824537440079488,1.1050750827820577,0.9198230838385053,-1.9019844719862256,1.5305885392004288,-3.0625556350002223
-0.2418111888173503,-0.08471725699691254,-0.43936472874036003,-1.1432917071470914,1.1815415888484726,-2.65242559501315
1.0108675989349356,0.9080666577734102,1.804796913674941,1.1287783146840893,0.4999522489226886,2.6786018874588193
-0.5908314621412939,-1.5895830157780162,0.06832985637321984,1.356416098887026,-0.7413168100095759,3.3888194930383007
