x1,x2,x3,flag,cat,y
-0.5010587057810746,,,False,b,1.8771382242041614
0.8066537203382775,-0.26782301353488935,-0.43449148999732196,False,a,-0.20495564263630128
-0.3894723936674114,-0.5208847054715139,-0.7020503707472241,True,b,8.916709483862405
-0.7287569150986577,0.6764515491432259,-0.427793134215803,False,e,-3.396221096828908
-0.9076372559445189,1.5918210004695037,,False,a,-5.584415432340772
-0.7289472858540574,0.9082609283682324,0.9095010926971957,False,b,0.4073138271231344
-1.6258661059303579,,,True,d,7.909551319210441
-1.0911146301457841,,-1.2844006081785737,False,b,-0.8722432324387628
1.546699328022809,0.990762029838035,0.09356499920801824,False,d,6.125053926309217
1.7673734243417076,0.3182438570608675,,False,b,7.174985977679976
-2.12904900849377,0.4591590099123545,2.510277779968415,False,e,-8.472073049731325
0.8826119336257744,,-0.5609516096659343,False,e,-0.956265395106031
0.3769169363059651,-0.6631210029657653,0.3812654734568761,False,d,4.546713826157088
-1.0371382358119579,2.1088078159158767,-0.6970340786273576,False,c,-8.28643219581066
-0.7140816801880743,-1.643876163479328,,False,e,-0.6523967959773613
-1.3524493741109707,-0.9432704917381173,0.1686368468663125,False,e,-3.9125800433789144
0.8799327450372004,2.0827988489240346,,False,e,-2.4312157460818793
-0.23785142013324545,-1.1583657931514768,1.1578345966502126,True,f,3.545492673698728
-0.11772404399055407,0.3681691890842469,,False,e,-2.188771992821077
2.1854152752734564,1.6379905954711373,,False,f,0.8421151437908295
-0.525089932650246,-0.5706435000331793,-0.40581476856557486,True,b,8.737162524426287
0.4659991012338038,-0.4642514184742061,,True,a,4.077593602246621
0.9436259506806607,,-0.3792110923187045,False,c,0.3583680538310803
-0.18847577418243916,,0.39695310909348547,True,c,1.8390274575341303
-1.6116978408731917,0.2777809401107363,-0.6123586720471892,True,f,-0.41775455861986155
0.2832978876245901,-0.06445290746729651,0.2838193605373715,True,f,3.6974338891525838
0.5772852529256816,2.2133776994919283,-0.7428496944397278,False,b,1.4863466109297494
-0.4165818929326902,0.06924082934357051,-0.6892179757121417,True,c,0.615092197037544
0.294654153331821,-0.20127308389326962,-0.47828841174166375,True,a,4.237338496972388
0.2775063999178652,1.6381639667987347,1.3034052126347817,True,a,1.8496288647922938
-0.117422977564524,0.7581216882863626,-0.08174264068467971,False,b,1.944470113842727
-0.600108591472709,0.19265067694105537,1.123447154095346,True,b,7.143250816993613
-1.5806147305007785,,-0.546665596599827,False,f,-6.326579972346037
-0.2409328138059505,-0.08045566379432777,,True,c,1.4003885275744778
1.136369046769805,-1.786124806036355,-0.34738475800264934,True,c,6.293008054366706
-0.7798903747421588,-0.6885162374395318,-0.42277250775605807,True,e,4.001657331468279
1.3771269734294167,-2.0280386688593866,1.425511885352354,True,e,10.51500292200851
-1.243897087140136,-0.16805529320407978,1.1881557469158415,False,b,-0.6174065076750093
-0.12337986814166,,,False,b,2.474522831838003
-0.19454394652844406,,0.4036109706148739,True,e,5.660752478252589
-0.6152096377010464,0.23153298370508343,1.77527905016878,True,d,7.401000508095353
-0.8353462468809456,,0.022057352121364206,True,c,0.024444678163053846
-0.22824895103814735,,0.2926005176374173,False,f,-2.4587525102762355
-2.11966156711111,0.19844999634970145,0.18939522467099806,False,c,-8.500294017159963
0.2700986944386325,-0.8915372416908703,1.7882198460985195,False,e,0.7103260169089937
0.24848643471302184,,-0.3485223668767228,True,c,2.157374427260719
0.4857470880103516,-0.4332140452811475,-2.516519385072285,False,b,3.738432687582581
0.7002093687358216,,0.2364433363266428,True,f,4.391079051745169
-2.826915568478102,0.26418799807966126,,False,d,-3.224108856989131
-1.076340541473388,3.23161799579701,,True,e,-1.968210998286478
-0.247906754086718,-0.6132895242486773,0.3719035054931504,False,c,-4.107866536525226
0.2124557153653958,0.34813451362131853,-0.3601004334306973,True,d,10.713097197127972
-0.2010792082769687,0.04268335412993329,,True,f,2.0262808989256675
-0.3853711285357152,1.1279877944287504,,True,f,1.3825260124874512
-0.4149053579579604,-0.27661395469153316,-2.484830664611684,True,d,8.47549433077164
-1.7692559023441317,,0.9503335750402532,True,f,-0.6821734234227324
0.5123925259315523,-0.8460077944602222,-1.0361297112103278,False,c,-2.600703718284634
-0.20079354283483444,,,False,d,3.1029280720050076
0.4540992694096385,,0.9555019927385717,True,e,8.331695429755806
1.3419563641412544,-0.6286443829526748,0.7258024930391452,True,d,14.19244397767248
-0.10281417652820535,-1.8710969412397747,-0.4700583083697024,True,f,5.066553386700972
-0.16250962818874676,-0.05640714004496693,1.3968038564254426,False,d,3.52487665991031
-1.0820210038040736,2.3683444382096517,-1.3192544245760327,False,b,-0.6232669837344444
1.1427122195256088,1.74717782994195,-1.117602395355037,False,c,-4.771389550746402
-0.013967631093038885,,0.20401911835900272,False,e,0.15988255885909475
2.264611825882432,0.10706273608648036,,True,c,6.506592147892444
-0.20061903634923478,-0.7590972550438057,,True,f,3.5075686787530627
-0.2972005518610761,1.0453068586509966,-0.19546104139585582,False,b,2.2713503167333458
0.14798454978015038,-1.1854500846725053,-1.6270497998606681,True,f,4.3326981163028995
-0.3975975698217245,-0.16630426364212117,-0.550059883585257,False,a,-3.594756410110578
-0.15226201097038547,-1.7605065210139417,1.0236134195336508,False,c,-2.4120490827353853
1.2867502322729378,,-1.4876543393895587,True,b,11.2590803456064
-0.42083200666461595,-0.2705232601135713,-0.22761596536063475,True,a,2.7957374396985144
1.2543195501929942,,0.9121132522650056,True,c,6.998323372664526
-0.46166538442542365,,,False,b,1.0236887247262128
0.8251055133347605,,0.8189843651632991,True,c,3.448926648928487
1.2708794026036996,-1.1018789774413966,-1.1100358464407434,False,a,0.18480014095451525
-0.26399927274567825,,0.2206073934482476,False,b,3.7239845918983363
-0.06651597312198715,-0.33365581739084127,-0.34355556899315715,False,e,-1.3133717344070588
1.7638039857140608,-0.7402111096145196,0.6489713000463975,True,f,8.777610097618842
0.21834425728093193,,0.7525300243469304,True,e,7.904300613740934
1.827121918189058,0.08852991810333205,,True,c,6.269976224026265
-0.2454597506148912,1.0123547779890727,-0.3429587014892016,False,e,-1.3975713335758504
-1.1097125288973553,2.049003578385662,0.1310200398799378,True,b,3.880861125610744
-0.39538106384852234,-0.9556037647778799,1.5235519288742567,True,f,2.7250038929703098
-0.921159529089276,,,False,c,-8.33070503113176
0.12204698525667139,-0.4020818733360087,,False,f,-2.7285467787457005
-0.022172920535323125,-0.32336315377932523,1.0060238260901198,True,b,8.684120242303312
-0.6431737849711574,,0.014819724381951536,True,b,9.058308468376273
-1.130494895800238,1.793633032803417,1.1317927785469157,True,e,-0.14233014709040664
0.7668975550222439,,-0.04783611829376903,True,a,6.9519672444843925
-0.8056138525907749,-1.5408457305848586,-1.1800570167574642,False,e,-0.07503774247703254
0.45902091848492277,0.7885285618519642,,True,b,8.60254425285085
0.07411361782259601,1.6924573621470596,0.7483651444176014,False,e,-2.41235538114727
2.155804893119837,1.1794517092629477,0.5869183642082098,False,d,8.080234774509215
-0.024201763649673153,-0.11272666757030549,,False,a,-2.917064959505065
0.20883445525192174,-1.746453417131556,2.011159835278974,False,b,6.41436148420882
0.4360253778187377,,,True,d,12.84827667785392
-0.14900923449033326,,-0.0515324797176847,False,a,-3.929781782084457
-0.12178528349816016,-0.4002651036974714,-1.7488688794197025,False,d,4.627585510885716
-0.9150324961604107,-0.9101428605932542,,False,c,-5.260400187745764
1.5632043162017806,,1.9281403292027015,False,f,1.1411663631780418
0.3196602720150821,,0.6266411843016482,True,b,9.15391805190427
-0.44621115320321764,,-0.13286107804466152,True,c,-1.3215522673209659
-0.2620778781703485,-0.3383346262742414,0.5741630989216919,False,e,-2.1343011259772333
1.858344877415429,-0.1691773992186939,0.4638302506064136,False,c,-0.04032331379014785
0.2886923110961618,0.23106868712710907,-1.0502879559609404,True,f,2.072603956035006
-0.6014168004429042,-0.5758802513603114,0.8593883834736733,True,f,1.576354738765699
0.7954769117640452,-0.68896472140271,0.5153433905946745,True,f,5.097585881384576
-0.3825414744275061,0.5158614925595593,0.37125689574936616,False,e,-2.6631352128251518
-0.104596339280076,,,True,f,2.862310489540679
-1.1556747490916897,0.5465001355514106,1.571127064450676,True,a,0.06970139955858534
-0.9743979374047451,-0.9893554937849799,1.883111956294574,False,d,1.4664990177558774
-2.159581109616955,-0.5213173223991515,-0.1321985194961365,False,d,0.02022199203977637
-1.395263955669725,-0.1458317052920486,2.060979469294886,False,a,-6.587126239935614
1.6889445414502808,1.4060556526436359,,False,c,-2.296684602077242
0.9077104315590019,0.046133734071893306,,True,b,10.588146237980927
-0.25273248329316045,-1.1045029799240496,,False,d,4.142232897896126
0.11693979238166895,0.1305001575528383,0.43241348058011947,False,f,-3.225031321485295
1.7329659073567556,0.3994178591798071,-0.43804651304520204,True,d,13.427929571399194
0.34889716463879955,0.44252238696122326,0.9144549300735144,True,f,4.12060730160164
2.1120192108068445,,0.9866102485731818,False,e,4.38043725332101
1.5168994378594671,,-1.163291267848337,False,a,0.647751104943596
-0.24386473930930405,,1.1737102221412432,True,f,2.5816543683094166
-0.7167110560113953,1.3620120696590847,-2.137907445919166,True,d,8.34824352657934
0.04244333670961125,-0.5520690810188201,,True,c,1.9965899998829713
-1.7934873072836686,,-1.9047209097594158,False,b,0.4259388973929564
-0.5645423172749456,,0.7872851655756199,False,f,-4.060193695535548
-0.20675225282445267,0.38947921345963704,,False,c,-4.321006394756373
0.47013678140130005,0.5480557813470668,-1.3348678862081462,False,e,-0.8575453198333822
-0.9067438958712668,2.2074700538517673,,False,f,-7.64939415592253
1.0183353618868909,0.8718527792051352,0.33786004876455183,False,c,-2.925265897587233
-0.2882035972303904,0.23726131944646808,-0.5635835624868205,False,b,3.1686776869841506
1.2465450612850868,-0.9587717416350342,-0.6389565518450087,False,c,-2.0602000052369593
0.24487747045471436,,1.5631774572382104,False,c,-4.008978119041957
1.7202942211415537,,,False,a,1.550944560904153
-0.7562237419371439,1.1236506800380235,-1.417460902943471,True,d,7.817185887054892
0.04831891221428602,0.21752320503402497,,False,f,-3.183011490913127
-0.0648499466237613,-0.488565158353652,-1.1486226195878124,False,d,3.8630083068106478
-0.38177965338329567,,,True,b,7.500566601529257
-0.15589180368882558,-0.9479407369126621,-0.08425832201905259,True,f,2.948234590551592
-0.7348914232299011,-1.166041503011809,1.5950874473422674,True,c,0.5085004269434006
-1.299868107192559,,,True,d,8.40831875157706
-1.675985879823846,,-2.5625342761671464,True,a,2.5903918618645907
1.5304730624666933,0.41060994244870996,-0.9937597836408174,True,d,12.420249321493184
0.7175102902413387,,-1.0780399277133286,True,e,5.951969464121324
-0.5991425693197578,,-1.1237092095589716,True,c,0.6574995267110698
1.4757775859774143,,-0.2572512693232764,True,a,8.338686252658992
1.8488412766021463,-0.4069757380926208,-1.3670890249063492,True,b,12.68880040110615
1.424276556206841,-0.2960576636565816,,True,a,5.210717734022272
1.4612001051049015,0.43733102772463767,0.18136448062958493,False,a,0.2713287132656693
-1.2993866540688817,-1.3327595582091778,0.7190755677271073,True,c,0.4983850922220977
-0.544043339408226,0.0800658135559049,0.07443523118985568,False,f,-4.053844009285231
-0.9130371811277123,-2.0137976958049166,-1.7708984403690242,True,b,9.517134555339533
0.8038970121380321,0.7403066938015006,0.6432838928532718,True,c,3.056093774720014
0.46423432125932423,-1.137197500639432,,True,d,12.452163385210076
0.6250494139580969,0.9188402627074278,,False,d,2.7887739189890253
1.542007206957047,0.37050251995993355,0.40503619127093643,True,b,12.362336537072942
-0.6027396161325614,0.698743128588745,,True,c,0.6782481318361498
-0.7747688266617034,,0.5034924369282895,True,c,1.2514069086189403
0.06293317435091784,0.25541759486519394,1.534033794520534,True,f,1.9867907546149919
0.43464000097969596,-0.7452136636265576,-1.1898644658969937,False,d,4.8484389354640705
0.4842046737792699,,-0.07262518186788867,False,c,-3.8733249734544897
2.041753723051279,1.3700159833471086,,False,c,-2.159935057540118
-2.0928274577889505,0.22827976788480162,,False,a,-7.413421347196596
0.22695233203009046,,,False,d,4.869559151298045
-0.017577800007794478,0.025495981243566394,-0.5958404553765503,False,e,-1.4617765082454324
1.0343352256686964,,-0.5999259112919119,False,e,1.6049703278984864
-0.6400402569211892,,-0.5987170206211402,True,a,4.351722195478047
-1.2319364856840267,-0.46445601159880895,1.7392790155371907,False,b,0.990185344834804
1.1162732938837057,0.2554680833547219,,False,a,-1.496079762894549
0.5037664175045056,-0.33799266713063864,0.6162139222873484,True,c,2.6295815621001464
-0.6668671437180298,-0.537752853569974,,True,f,1.8374223431899988
0.7512863199353099,,0.2925492759395515,True,f,4.815479736909732
1.580068849350393,0.3837389757977699,-1.1596133084562474,True,d,11.3141311647801
0.681526662062803,1.2564587573564931,,True,a,3.9054869852992686
-0.5246687656899652,0.6061701465389315,1.093202757214117,False,e,-4.041881271196046
0.6932435517653665,0.2564457925564572,-0.54505525641261,False,d,5.166112619443238
1.2372991720738689,,,False,d,4.508405512070822
-0.36592895898560013,-0.1819789630063066,-1.6955451233183083,True,d,9.474809098724435
-0.37757641231113953,1.795765052391886,1.32324514235394,True,b,6.28503581628166
-0.9531521569800466,-1.1064780002515375,0.6481259094117454,True,f,1.468954410685228
-0.04916199426145892,0.16093615705830044,-0.2689225632575059,True,a,2.915821599621279
-1.1919620354596954,-0.36527969489904993,0.3297981832504383,True,b,6.629579283812585
-0.5852556145352611,0.027667836034480402,0.21052829451597352,True,c,0.2601071469356754
-2.6068252058697534,-0.5086953798552312,-2.053017100184964,False,a,-4.796106843081384
0.5605321754225238,,,True,e,4.370814014865018
-0.7185780651745534,-0.8094789990863419,,True,a,2.370286041860064
0.9781723053169856,,-0.8121287863635372,True,d,9.820524330530302
-0.28074905060084876,,-0.2575959506874835,False,c,-4.769054000954611
-1.3349583508186087,,,False,b,1.501281210666662
-1.1115879562205788,,-0.04002571355765941,True,b,7.0854028356836585
0.9713524151447269,1.8648579227013637,0.6534490300300859,False,c,-3.7918481094361063
-0.7515934643050403,1.4867463055451033,0.8753867305280529,True,d,6.808681832865761
0.9908843102223311,,0.6928463632143961,True,b,10.624841421441475
1.237158535068759,-0.21162491000558156,-1.1281365965360732,True,a,5.262942466715918
0.7268582497607134,0.1413121016280535,,False,f,-1.4124570231658529
-0.8812613723253385,1.8626674052429775,-1.956941001377081,True,e,2.3958475393542296
1.3251673840358154,0.7925056764123235,0.2704326798154564,True,b,11.247989010188506
0.1942839507391867,,0.966768623363031,False,c,-5.574965947278105
0.4032885772417167,-0.37674867894402664,0.3996600183033504,False,d,6.101220736576354
-0.015242021886863109,1.4316704331239347,,False,f,-4.73196768383487
-0.1044670938028124,,-0.6247785374678517,False,f,-5.713033483283198
-0.787971628454528,0.31548774906749566,0.09694497106767504,False,f,-4.7997072711575255
0.9948020647778723,1.1890364639030118,0.5500492827190073,True,f,4.323708166745125
-1.147182582761832,,0.4866642398621912,True,e,4.3119008318014975
0.13846841569519217,-0.11569075047874072,1.7924297289302669,True,f,4.059677271686251
-1.0287387974704452,,-0.3464994786375651,True,c,0.23865682299164798
-0.4520760759685282,-0.4307287871825713,0.691691071704642,False,d,2.481742937271969
-1.0345846056833308,,-0.4230713711473897,False,d,0.3048066970935305
-0.39591814001196834,,0.12319011824892537,True,e,5.353753210472451
-0.38514751617595033,-0.7701852174654449,-1.077570804912208,True,e,5.049112338591615
2.1558539831555117,1.0402796768075089,,True,b,12.832342630332716
-0.40887494438552613,1.9253758840410105,0.28260719637602116,True,a,1.2563284421822638
2.27376346364886,-0.8683384474040777,,True,f,9.490470248768677
0.24384924009305164,,0.3153975132835162,True,d,13.721237463893534
2.027505310999648,-0.14191558540839908,-0.03299062229391655,False,b,7.16882334467257
-0.8953101257163397,-1.4516938257724648,1.478612186801971,False,c,-5.506020648289942
-0.978898143891273,0.4592927419933008,0.3990729528499989,True,f,0.06954869863282603
-2.1605880382537928,-0.9894613951624576,,True,c,-0.4603695716351168
-0.0862038427321028,-1.9232107287856581,,True,a,5.537797911705455
0.3106508144476043,0.13308877928771673,-1.744295803101813,False,f,-3.3690641370124275
-1.3142787899318096,1.0746193304254177,0.8304218929850647,True,f,-1.1897467599143683
0.20536907741591698,-0.7834142833372972,-0.22639543306383225,True,e,6.356770720535788
-0.5220848066022987,0.21641111023974613,-1.005550972969722,False,b,1.656309300211272
0.2487706462652763,-0.4179656524898855,1.0600039321197725,True,d,10.701911315911326
-0.034285163387027924,-0.15061676424656573,-0.2699714577981932,False,e,-0.34907558388802984
0.5305991038180109,0.10139976270012084,0.2782444281951636,True,f,4.124128789254889
-0.013921399503180304,,1.2729464811727376,False,a,-1.702618831215739
0.7733885035470164,-0.9129765224075289,1.2909232181194539,True,a,6.3731760129953985
0.15110381655400965,,2.295193961000295,True,b,9.053270715999034
1.2746555527348902,,0.17361406939998147,True,e,7.923242442775459
-0.07022604426656634,,-0.3340364518452281,True,e,5.519413329338049
0.5192592867972714,,,False,b,3.0275665686841386
0.5817682352860217,,0.600719476060767,True,b,8.57529183936331
2.4385758864673543,,,False,f,0.20011127804922935
0.5366853606237981,-0.18265669135943666,-0.11585812067824627,False,e,0.040047649733020385
-0.6820494756011122,0.2936608627182472,0.5630504795414668,True,a,2.511472992742104
-0.7290494336814769,,,True,a,1.4558385796255686
-0.8073300635224152,,,True,b,7.148163556643099
0.46337816517926583,-0.9064453307944145,-0.6222364568881551,True,f,3.8176112236400637
0.3747447264527831,0.34158767381769356,0.31263664894487786,True,b,8.87386694920445
0.6821252364959451,1.3272303912116556,0.24602648053298973,False,b,2.661978926283731
-1.0711442017758308,0.7242386134275516,-0.6677626798320855,False,d,2.411349003904615
-1.4435083689229167,1.0019075865197016,-0.46379730093134636,False,f,-6.87022926392734
0.9477264207293796,,-0.2450817875945428,False,c,-2.63196251265349
0.8682953408533303,1.3183588428644182,0.9398532064867369,True,b,9.894618805309777
0.0016097735987113126,-1.2018920371454898,,True,f,4.0442337636654
-1.634044788799755,1.284733604747957,,False,d,0.3233605264362632
0.9212895071777836,,2.4399468616363684,False,c,1.0826490389940053
-1.4805499613415167,-0.551749086296056,,True,c,-0.5101092439627584
-0.5640644583136958,-0.5372581007822752,1.3635665196442486,True,c,1.3849682918843815
-0.5695374368389854,2.137767267657914,0.06124257428632334,False,d,1.0882996982145334
1.1575745421823127,,1.040920668839382,False,d,5.414194799558084
-1.2551017445456907,,,True,f,0.45511139819935986
-0.0657496618797162,-0.7003576893726273,0.01815015933522517,True,e,5.509940389298304
-0.3841156808925509,,-0.7383232796456617,False,d,3.111774428016057
0.09721633443920777,-1.90720883474226,,False,f,-0.7270877989640284
0.9960256746233246,0.21654418724329494,,False,f,-0.2313569739217477
0.2536800555203191,-0.3900881117316628,,True,d,10.655094136216512
0.037181233438321484,-1.1701303971418013,-0.9294772073849341,False,f,-1.2521059857004175
-0.07990586652600953,,1.1850472828622807,True,f,3.1127176496800377
-0.6925249827898438,0.6805127462141222,,True,c,0.4465348230443966
0.8091733589428862,1.4857366688269122,,False,e,-0.5132239495215936
1.269039946678077,0.602185357312386,0.005627502482471785,False,a,-0.9592901865656855
-0.20977823250099145,0.34949590135143443,-1.3753477927723385,True,b,8.55842392576652
-1.0551853850750077,-0.7356438932813667,-0.1704248331935731,True,e,4.137946136911577
0.5260447352179258,0.41758875978608057,0.3602398445311932,False,b,3.7215658201636526
1.0705302466849684,,-0.21478271352874168,False,d,7.50538661046631
2.306837845304744,-0.43627247905508004,0.12229050401989919,True,d,14.838202749577045
-0.09145369665832956,0.5882462266374324,0.2332496633500134,True,f,1.9954996153208977
0.05027716220748956,-2.671081681680014,0.7798636087409156,False,b,6.040375048789394
-1.2699359380996214,-0.3341433048256415,0.5080195114096625,True,d,7.776124738225819
0.7349605013032495,0.9290713590513731,0.2182204856873727,True,b,9.890262885741912
-1.1975877457576631,,0.20023454739575425,True,a,0.48828031442566194
0.7009218903496766,-0.20060995045101018,0.6420526445422412,False,d,5.97274572592134
-0.6716012045299714,,,True,a,2.2845124274546387
-0.5470187459791517,,-1.6311060462672018,True,f,0.9540497693194406
0.4647594818621296,-0.6129295628734007,,True,d,11.080145226201257
0.4975072520608951,,-1.546586632284897,False,a,-2.592572791392803
0.6136580846504655,-0.09277440164963086,0.21650605058374658,True,d,10.445332445249605
-1.0953849871794357,-0.027101440719939418,0.2569262614202834,True,a,0.9868858842079625
0.1023713849827663,0.7779998253464194,0.021396019918741547,True,d,8.679650043178349
-2.7090176724438946,1.172899317336549,0.4242043147224869,True,f,-4.3531873700265376
0.6225979685700913,0.37283131030856537,0.8849274229654568,False,d,5.605294166610215
0.893291458583456,0.8577869643434297,0.36516243949460914,False,a,-2.3293259132268878
-0.15700217712580364,1.3702134762277303,0.024183707225347968,True,e,2.613698721173596
0.011102750490188896,-1.0126537382577174,-0.12301594473419748,True,f,3.9082529182525616
2.6350244658288005,1.2857842043624714,1.7558586280350776,False,a,4.164160073686536
0.20930894405242392,0.36191714451877127,0.5143075009578667,False,a,-2.2326175558251173
-0.6917174636932532,0.20573940245711145,0.23438206022250865,True,f,1.326059798782471
0.23209890707473713,0.4433741371704424,0.1065365009068206,False,c,-3.793627736895622
0.1117602434820422,,0.7670057971431166,False,d,4.364357108263601
-0.7752613070222707,1.826319383589418,-0.4297312586541588,True,c,-1.3944088956942684
-1.860567689108332,-0.9978255871790699,-0.1983662486983763,True,e,2.6681095142957845
-1.4261161836002214,0.3991358369456723,,True,d,5.810128813346159
-0.4897370052065076,0.576846274249017,0.9230293773934292,True,c,-0.07028595146396957
-1.4253894372978293,0.2597830084478949,0.02070598058923497,False,a,-6.589860767086758
0.8846422176531712,-0.27543245500408337,-1.4021976638261306,False,b,4.2392023572151
-0.9739821937369305,,-2.205427281735385,True,f,1.4310665078587155
-0.4533208160734915,-0.6955468703674829,,True,d,9.78296064327469
0.2687484937487775,0.8666168995402903,-0.5453189393583846,True,d,9.238326772149625
1.7902617506548806,0.19256862724717835,-1.0166550450816239,False,f,-0.5998820008353998
0.1610025760635057,0.2191247009581085,0.1216931219415422,False,b,2.779323609643771
-1.1503288314969566,0.2324625890603256,-0.24736881320177442,False,b,0.4605196479490329
1.5585103790120756,-0.4092565338074742,,True,a,5.90902273214583
1.6644395424797478,-1.179073203797196,-1.8346842704107909,True,d,13.123844636037283
-0.06764516234643272,,,False,c,-4.917274670962965
-2.98033921021503,0.21857611027935728,0.1959494252303448,True,e,-1.8571645219862414
0.15097711435629063,-0.7523639424128904,1.582731188265553,True,f,4.498192854626615
-0.7868302222716385,,,True,d,6.653814752619871
-0.30697207846480573,0.6339282891298609,-0.4419615959876772,False,c,-5.792021644276121
-0.2469310063096538,0.3889003204528126,0.6150525167310155,False,f,-4.439713280306513
0.7282079777587345,0.9171247984325933,0.02391315387133249,False,c,-4.585907416051934
1.530680116498569,,-1.6045563421393958,True,f,5.094969980001341
1.0967852950860404,-0.6912282297196748,0.9953951580141281,False,c,-0.7222436378290273
-2.443279680916908,,1.4266373868705065,True,f,-3.98278749537445
0.493717145258592,-0.9104970234858615,0.10997750783939429,True,d,11.531575678115006
0.8248838468386445,,-1.3225949761282998,False,b,3.959053515528661
-2.4923957284117964,0.33238658984335384,-0.5656350373236361,True,a,-0.9937402785570457
-0.2735935530940087,0.2858951253520772,,True,f,2.4104344360350485
0.11163470048691529,,,False,a,-3.734874809964557
-0.8180668069665289,1.525671344788608,-1.4274856586843703,True,e,2.0942905549231483
0.6696846074889731,0.16828511423080422,,True,d,11.195861008532503
0.7381811594524458,-1.335991778755206,1.5104738846216452,False,e,1.9478336860632617
1.168525062377623,-0.6499350453130818,-0.001899344402089071,True,d,13.559044603310172
-0.16937725672977766,0.2161765116474469,1.4127542520431733,True,a,3.1541050569675066
-0.7771697315852373,0.9212123547725917,-0.5613971297344381,False,e,-4.417832484867148
-0.7639884218610088,,0.8748304288168572,True,a,1.592420714218627
1.0440052801502941,,-0.7159546114671186,True,e,7.2990605540083235
-0.3100640828067096,0.46185906105039926,,False,a,-4.443016929314983
-0.13523866638477128,,,True,b,7.376776503742188
0.34046120003172686,0.42256734342675395,-0.8225462548415365,False,a,-2.2296850055256363
2.03517401649617,0.6074236421558705,-1.7970471022013466,True,c,2.593967572364467
-0.7244773237137937,,-0.30206037396171254,False,f,-5.621345042103423
1.31835914606226,,0.7169580263272037,False,f,-0.04294194995274778
-2.492629110780576,,,True,b,4.241363074560527
0.5118283932474715,-1.2207771616986511,-1.9207882178719882,True,f,4.793807150498752
-1.0323791678026133,,0.4820238795890867,True,d,9.371074505686666
-0.31121374240270944,0.8286746239288396,0.4187360958736413,True,c,0.40683177909212764
-1.554255611479703,,-0.30374714515294,False,a,-6.227061572191772
-2.2750551822129217,-0.2810757937421199,-0.6392527894748332,False,b,-0.8666493676613761
0.3748917291576531,-0.7371350888428189,,False,a,-0.5432580472196165
-0.3522773963008013,-0.11349299652718181,1.2003378289231468,True,d,8.79208251129831
1.7964013664080087,,-0.04795335004600597,True,a,5.983867635556176
-1.560502551710659,1.5267422205766337,-1.5631658676522642,False,b,-0.24729189088165415
0.20877110928349424,,1.540475822092722,False,a,-1.140995977870296
-0.4323542878106184,,,True,a,2.3006041123369276
1.7187388951504905,-1.067367897841393,0.8847389898348956,False,a,2.257173357369151
-1.3354017174967112,1.5678011526358233,1.2154492320939205,True,f,-1.4310102474597808
-0.09838865009728072,1.5367006338064686,-0.8516380581086528,True,e,2.7777323437175276
0.477217740834701,-0.9319402071023565,-0.3400364732948,True,a,5.460365934007631
-1.2422774511692698,0.06618510148338691,,True,c,-1.4261414755072337
0.9227531265956509,-0.4859167341785057,0.285174754312806,False,b,5.2903116516211774
0.26263736551516215,0.8626178062338805,1.111697226127032,True,b,8.989363301923547
-1.9530502876589568,0.7179526371158527,0.34496316725567877,True,c,-3.1076852312243473
0.13843914207163127,0.047689769474697184,-0.0995193583642323,False,e,-0.6135145071216833
-1.4726549317546491,-2.030650086908203,,True,f,1.5403293265218863
-1.478412252645636,-0.6125278171822655,1.7367916138991275,False,b,-0.049530085239514854
1.883457154704678,0.13057834650242428,0.4313405099491698,False,b,8.292812921770153
-0.9749207170137087,,-0.06672704901779088,True,d,8.124777946653616
-2.0986999423180386,-1.003053650055207,0.5363123195296282,False,c,-8.068994462456878
0.39718000991300767,-0.2754264442987234,0.9725834522641488,False,e,0.7593198913539795
0.062449193210352444,-1.3104843658092522,0.23826205796123423,False,c,-2.589866244625076
0.0951745524792137,-1.3878783822707277,2.975963665035106,False,d,6.484666967959987
-0.3519148979718329,-1.0205042744106791,,True,f,3.5293416632417487
-0.955138713304659,-1.0381895903030043,0.9683237475999203,True,a,1.3387343132297596
0.44972489906053215,2.2603924679855396,-1.8444198040090782,True,b,7.969515169481257
0.6609018879774814,-0.34746252037473285,-0.4418258290103601,False,f,-1.5040897736587566
0.20061609250695656,-1.6607715174730127,1.3067053253891439,False,c,-1.7913326482152825
-1.0499491085652901,-1.5643025318729307,-0.12317706630162455,True,d,9.615812292341552
-2.1162605693294787,,2.5431753705054505,True,f,-3.5711336812401466
-0.536866176786503,2.406004907767187,,False,a,-5.835020578024193
0.8111033955250027,,-2.144908477580496,False,a,-2.9328536839771773
1.8256837113806694,,-1.2698176485975567,False,a,1.8137755222940277
-0.7864385341042931,0.5978291172749073,-2.4522123674103202,False,d,2.467568923081349
2.5000770354130877,,0.4346838957080138,False,b,10.78756794711625
-0.2711529662877382,1.4532728708364366,,True,d,7.811986414179601
-0.07322656413727242,,0.8710021113471341,False,b,1.2396301323975427
0.33653659865929575,-1.0275530751963124,-0.5561472692575492,True,d,11.3077401182715
-0.9890259651032217,1.353229464549328,-1.6680048831010499,True,a,0.9051213384557205
0.024490128688922825,-1.6896834013987678,-0.11383177548715909,True,a,5.264303229263062
-0.8490044038485214,1.1787671751306947,,True,f,-0.5218858310773216
0.03602373942961166,0.641269020050003,0.8865676306251582,False,a,-3.260302119355394
-0.34590142650468947,,0.9531117988824899,True,d,9.424129686526587
0.6615684698369758,-0.3572498373186244,-1.303213877938309,True,f,4.071608361017689
-1.4511254608363988,1.249302798360138,-0.5223751041959296,False,c,-8.240114813897737
-0.18566656200051504,1.6029743225189514,,False,c,-6.063362707318014
-1.410869822434252,,,False,a,-7.7291305038919
-0.4872466304835281,-0.41542834482523927,1.3459370740746368,True,d,8.853284024147786
0.42143782465461377,0.2504827426234412,,True,b,10.23369450376784
0.9992599362780341,,,False,d,4.5379547370814315
-2.0949197808817694,0.3770832822390499,-1.2988593916274296,False,c,-8.17010159964706
-0.6568098244643069,,-0.7305376463401587,False,b,4.611466720695118
1.7379992155736914,,0.8407033103223914,True,a,7.744581178722661
0.24871404813710174,-0.3194464716746925,-1.0782010057214584,False,b,3.743898755456507
-1.609322089394676,0.4685231728807432,1.1147439129910315,True,b,4.596463799629201
-0.09233017051095212,0.3739261612707319,1.2290367091463348,False,a,-2.7211063799791484
-0.11402553791265722,0.3534810179040102,,True,b,8.354819445628179
-1.304551830837247,0.20855433207902646,-0.07254903689984941,True,d,7.4875857237420735
-0.28361158932348274,-0.2198313519433788,,False,c,-5.379231039435112
0.6658237444550247,-0.7368536747940299,,True,d,12.31200192574581
1.222577756666256,0.47195137345615557,-1.7350620838759225,True,b,10.760642882681125
-1.3075091876927378,-0.6813275497813939,-0.2031838986236977,True,c,-0.7964718546631037
-1.0729549498361175,,0.08343294691058022,True,a,1.326622329824565
0.6472007086590797,-1.2054990427592585,-1.580765716877726,True,c,3.344616652590298
-0.25858839096885794,-1.0995599889451921,,True,c,2.8256769622861224
-0.1565304302908714,0.16596259439370167,-0.9729573625225132,True,b,8.50488591186524
-0.10378139606744714,-0.07781008020386929,-0.11177022773754297,False,c,-4.370982827408591
0.5316428462293512,0.8511653741585368,-1.907934219204082,True,e,4.241632861824037
0.49277030187518034,-1.3307262762020156,0.11377650000377222,True,d,11.96318107879265
1.9620349022323023,0.23668109660592332,1.2197224612177942,True,a,8.583977575242175
-0.5748391411878375,,0.057579611212369985,True,a,2.5698089408053284
-1.3411115074002022,-0.2785500341535127,0.7340228832583955,True,e,1.5211535417772133
0.29079908216527345,2.518921425261177,0.008029696245834538,True,b,7.063524801043055
0.31372502020671467,-1.9189119456189654,0.41646915458981865,True,e,7.064452370262525
1.218941181561246,-0.5026396294556634,1.3106474230316079,True,c,5.519077860398117
0.19017573491827902,0.6682617673775458,0.10783655764962548,True,f,2.6136002219823222
-1.324990490179509,1.9919223384760543,-0.44230605123378647,True,b,5.675764336428068
0.5626546548949704,-0.2194934688772693,,True,a,4.352924926126796
1.0833184695552986,,,True,c,2.9398844922533454
0.18132430772267005,0.452060253576641,-0.5480216062202611,True,f,3.257109805218038
0.9951364438777396,-0.5049952157796457,-1.866871504828259,False,d,6.805598699199739
-0.057027888189572176,-1.085724144285595,1.1562967709900531,True,b,9.136413664012526
-0.8627018377342812,1.593338431325857,0.3519728164466287,False,b,-1.0635674773369042
-1.6664943080668366,1.4032722308541725,0.6108960467711514,False,c,-8.986392556755833
-0.40755402277649794,0.4425489921629627,,True,d,8.423782442178597
-0.47327376811718735,-0.4915235196239136,1.957399787797825,True,d,9.538238593159974
1.0952910974431307,-2.7672695497176076,1.7023126677040352,True,e,10.246962939024323
-0.2753103225535814,,-1.2124465471599082,True,a,4.463684417671429
-0.12010618204016124,-0.4236733726765432,-0.6732136288362521,True,d,10.265179987805274
1.6068564623996846,0.1247099915935858,,False,e,1.3079498943594723
0.24730739707029198,,,True,b,8.488869851385349
-0.39015459837499256,0.13339137756102287,,False,d,2.8598058638689547
1.625610114439465,0.3785122937925803,-2.5532902713228203,False,c,-3.6380205586731322
-0.4104567532270758,-1.083029820792669,0.872220904918692,True,a,3.400537060333908
-0.3099388166940785,0.4601863043671945,1.0943275330131763,True,f,0.9576816264689428
1.9121369643520154,-0.3156920365026182,0.2735096421821829,True,f,6.63594470277804
0.1606283502613224,,-0.039960801143864244,True,e,6.972062199778874
-0.2019862751316019,0.6624807132282553,0.12519899204958146,True,f,2.166384231783395
0.18042750958293352,0.237244811940861,0.0027111620641135743,True,d,9.979266084070956
0.166383236460629,-1.99650375435307,0.42454331734492673,True,d,12.03608119833372
-1.2020434700802491,0.9136483716105781,0.22709742302396796,True,f,-0.8770672563936284
-0.9049617583593692,-0.7140657754568475,-0.234195697563329,False,a,-3.280225910195118
-0.6356252940239043,-0.2930588744996212,0.97052156832153,False,b,0.9893450150678832
0.6310017211182242,-0.49409242548078247,0.8569353269902359,True,b,11.031514942834356
1.23938358175264,-0.42012321418349174,,True,e,8.090511625827137
-1.072888948933872,-0.38523640433546613,0.35798179871857,True,a,0.7742161164039948
0.6937966034118707,-0.31907331913615616,,True,e,6.233844572134906
-1.64378041004829,-0.021263807555080727,-0.2988025458246143,True,e,1.6271734684766426
-2.3608185503300287,-0.983502173273811,-0.5178134868484697,False,c,-7.571623862496572
1.919354926707126,0.39711934932353965,,True,a,7.60699536356046
-0.21104590359037603,-1.8701523582344801,,False,d,5.372073501284237
-0.2440495865062601,,-1.1892306662948355,True,d,9.01777152260514
0.28147625483455946,,-2.39484875628248,False,a,-1.0773868039785461
-1.0463932891996834,0.08171049076281645,0.26616711974483986,False,b,1.2809746598306022
0.6368433743600213,1.7210538829243887,0.6853377941318582,False,f,-3.6905419761745106
-0.08481613780724166,-1.3321644225634535,0.3124756366724682,True,c,1.8499810008081066
1.1478486560010026,0.4988085257469126,,False,d,4.957590043318213
-0.5106093228089025,-0.5628983974588527,-0.30452410055127854,True,d,10.402801876661497
1.653371474324841,1.4854497356302476,-0.08747353197745962,True,e,6.6725873594034795
-0.37845685204967494,1.2796940130410945,,True,b,7.8235500410730845
-0.5408488928578961,-0.008928288406016978,0.04068954894067636,False,e,-2.837537433404468
-0.6425498378259515,0.06449973126212287,-0.3814312367029088,False,f,-4.680615688278367
-2.609470232765097,-0.10957918417229992,0.5853118968777014,False,e,-6.413633852008687
0.23430728619273744,,-0.3440826585948244,True,a,4.795199007111094
-0.38166465852026377,,0.17040962909053686,True,f,0.9741302383124639
1.4190570211964337,,,True,c,5.894375938303019
-0.5099429527361263,0.021858064020509813,0.3115249309237318,True,b,8.67293304473587
2.403513220296324,,0.823726330571185,False,f,1.750180408033651
0.7983751132028504,0.47395051074605843,-0.4716453279313166,True,c,3.10364450703492
0.9700379894683511,,1.8346235384287937,True,d,12.873150927642461
0.11934786867600693,0.04409841948765255,-0.31523675646607024,True,a,3.697730106249578
-1.4521175921456337,-1.0625267571759796,,False,c,-5.860586536428597
-0.06402695062128351,0.7653902888773041,0.21944555384747017,False,e,-2.236071531441124
1.7428876733524472,-0.7839467145887391,1.3392221597705096,True,c,7.441223753827572
0.5810333912980609,-0.5287665484870292,-0.21625788582126282,False,e,1.255170435859797
-0.8919935175864299,-0.42850652391157756,,True,d,8.016952328045502
0.882011806570955,0.004822970197901639,-0.7560676692114305,False,a,-1.205517329211487
1.2319014954300456,,0.4640461883684611,False,a,0.1992264275577933
-0.4601865003655365,,-0.08395489448684382,True,b,10.217633121238576
-0.368371097879892,,,True,e,4.016783911455059
-0.46382108612572953,-0.23702507894294095,-0.48790923954203697,True,a,2.8271541363714663
1.1077018303355464,-0.9190779798660902,1.4141220885818688,True,a,7.073953256071449
1.4333012423399212,-0.7004648006690961,0.9643705719971106,False,d,6.892222240795863
-1.0427035011163999,0.12242959342813636,1.4668531282881119,True,e,2.492089619150467
-0.7012010091458571,,,False,f,-3.091653841509937
0.3616676719825842,,-0.6259121557487697,False,a,-1.6994133665106936
-0.6455226171096416,0.7712102595638609,-1.194172512412218,True,e,3.4862849663806075
-0.12679896607226646,-0.2142759674927572,-1.0561897946871497,True,d,10.352636702618128
0.5585705936524167,-0.30667013601811777,1.424558160983887,False,a,-0.8450273852693012
0.519846808106385,,0.37044567229428144,True,c,1.3921896756644154
0.6911733051619177,,1.0551448607387386,False,e,-0.3457157114509758
-0.35148222769210063,,1.2169209330931303,True,b,9.378430209283266
-1.0994094257248102,0.09812910377121381,,True,c,-0.28819416448315005
-0.15417287673913896,1.4530733625510484,0.5337902855817626,False,f,-5.4129767306977845
1.5079160398064955,1.997280755249756,-0.7369872678904229,True,c,2.157499885696964
1.5622688928341357,0.9769738308884288,-0.42905227254729905,False,c,-2.1820362193960636
1.595401528976042,0.24001781046322257,0.3766864972940957,True,e,7.604379251783427
1.305164825250619,,-0.42191728330595407,False,f,-0.43045899504485263
0.45781878403146875,-0.03457379340345575,,False,f,-2.321012088394008
0.44333996902342615,-0.9300445478263233,,True,e,6.341307487614738
-2.361983552413435,0.20308290688973057,-0.006808992833760804,True,a,-0.9817136891953668
0.8302832852540993,0.9558417827969382,1.0464834686273226,True,f,3.7392881922751275
1.655241141817618,1.1209105730148914,-2.866493555478097,True,b,9.173226143666152
-0.7369559275517008,-0.22636568915094607,0.6010747800529557,False,f,-4.7285491575768965
0.5149959954665092,-0.9759026208102781,,False,a,-1.52323197477413
0.9408304922405537,,-0.3392626553160373,True,f,4.351623443551615
1.298388013381095,-0.3693902504859952,2.47014960336055,True,e,9.316004528810586
-0.7677841978382245,0.36341047537081494,-0.5042281031922615,False,c,-6.162458301077854
0.8620292503670475,0.13000389499161258,1.134568377517931,False,b,4.674161962156492
-0.22718783431820117,-3.2496444326733434,1.1359290669835516,True,e,8.67099152741097
-0.1594875288045058,-1.7618059889877367,-1.7582433741701309,False,e,0.04078802847955432
0.43049875243388824,-1.3176492604516359,-1.272838044039713,False,f,-1.4897296142333918
-1.1084473059495654,-0.9047200301366348,0.09494181147588823,True,b,7.401935565339182
-0.21023943833415734,,2.0172106646567154,True,f,2.5777220634547504
-1.869213029826921,-0.4719033511731385,1.701223448467416,True,b,4.695893387905686
0.5846846940887637,1.4114937943170485,0.24078340328885744,False,d,2.7701640390575735
0.8925747971876775,0.8296581679713549,,True,e,5.828206970024342
-0.46519234346101185,-0.09623461622220526,-0.8806379649975566,False,f,-3.7786650977386027
0.7428203394463418,-0.9844983229159022,-0.48147561452059356,True,f,4.599660979428198
1.1824170524157473,0.8389675665147032,,True,e,5.491552321849832
1.1622889122280196,-0.9336526266748365,,False,e,2.313628582465585
0.885632634789795,,0.42916903204176676,False,e,0.11860757137429764
-0.267620046819847,1.464240400233318,0.5206719716682721,True,c,-0.42205624346441845
0.5049966658974658,-1.1304429223702062,-0.31314249002273287,True,c,3.198794281174152
0.032781718738211375,,,True,e,5.313568144493597
-0.5892951020281441,,-0.8254535824726607,True,b,8.61203672004313
0.10447671117456817,0.6494623373216032,-2.242799827374444,True,d,9.74148310001982
-0.03263680870702636,1.208166141649093,0.8051745248610748,False,b,2.3980438787212264
-0.012284233690025665,0.4159811854477265,,False,c,-4.993765043913752
0.14163443488541652,-0.939802224982043,,False,a,-1.2777008074607221
0.683668026560987,-1.2681351997280506,-0.2685976840005596,False,b,4.950314273654753
0.40893197891389405,-0.23266062296770887,,False,a,-1.7528718329922022
1.2505590573239702,-0.8333826528196628,-1.542220383394314,False,d,5.5588094807716
0.6316001929098338,,,True,b,11.44222485713135
-1.962234848087962,-0.891956724525206,-0.08280975455946601,True,f,-1.1039201083144206
-0.57420825168145,1.413429433482617,-0.3595865320874632,False,c,-6.010571625088
-0.030806355065557577,-0.28324425127431346,0.3643873239692796,False,f,-2.7197190473433275
0.34557962198972514,1.1296647879087374,,True,d,9.683326647287105
1.1021473308455554,-0.1422909574343005,,True,a,5.9277754882999165
-0.42325318137167317,0.5199156618151145,,False,a,-4.286258882164099
-1.8436542874252908,-0.6255018279488804,-0.22658467233812335,True,c,-0.9722825202031264
-0.29589562473611614,-0.08354813383148828,-0.8959428034159551,False,b,1.5770842041683788
-0.5545687530133548,0.6492189272075719,0.5484563090460471,True,c,-1.017606732953829
-0.42556371075178995,,-0.057334365181217546,False,b,3.4912508349387714
0.9697236286357518,0.5952876891770363,0.482363628136369,True,d,11.745573929600837
-0.8786428891710552,0.06937133010958556,-1.7894148977201303,False,f,-3.7242172499426256
0.32557646052328876,,,False,e,-0.426711351653532
-1.5224803491762067,0.08547053829677062,-0.6151795053074354,False,a,-5.444780018607729
-0.33193869899498263,0.8147367637449021,,True,b,6.6375317170259605
-0.49967628805804454,0.33472538501171384,-0.2239672842420753,False,d,2.944300137677463
0.24948948894925008,,-0.680677689650663,False,f,-3.2084774775357046
0.8459087281887845,-1.0446819185908205,-2.288415818198365,True,d,11.476101167371834
-1.9115490826503196,0.6972482604961945,-0.6294485891122914,True,f,0.01572011747973101
-0.2554168119622218,-0.8141455950813383,,False,d,3.6146387820057884
-1.1962028753843554,,-0.97864880384888,False,d,1.7865362509793217
-1.2472283753049205,1.102531284481617,,True,e,1.8573933089327181
-0.08508718615992872,,,False,d,4.573097699400957
-0.3925019468038054,,0.3114857997977653,True,a,1.6923794180864133
-2.0451349567757786,1.6296547225371876,0.062033974196212496,True,d,3.5280687985579235
-0.3232122603993529,1.4398559604639725,0.45072685206945456,True,b,6.824837249501408
0.8096067215648289,0.08194408388079392,-0.3110533098821625,True,f,4.797267039122367
0.5323214759684413,-0.5511369248026035,-0.9001696368158839,False,f,-2.193922840977333
0.21235708161657596,,1.5604971564439325,False,f,-1.9086086867015606
0.6807285374584605,,-0.20530346958578782,False,e,-1.0581941487381032
-0.22345568429916235,,-0.8711383272958241,True,d,10.189239864603714
-1.54245796537645,1.7028426026270946,,True,b,5.223175590994091
0.28335795697566174,0.34512948403031113,1.8838276862448533,True,e,5.719728032696297
-1.2562589670445539,-0.1329315936134948,-0.47517894126320553,True,f,0.2071637481871178
0.05105758965816855,-0.7200540285188081,,False,d,4.547130849932702
0.23281614580539672,0.3575450186864754,,True,f,2.8082626300229636
-0.5304050622158132,0.7455411247396895,0.45834563278304075,True,c,0.33004958287678876
-0.17373932724529212,1.1282756930859419,0.5838867126954228,False,b,1.5615828960629947
0.8168310345821422,,0.49077516436076285,False,e,-0.24491632241055156
-0.5147377604406745,,-0.011180946991068924,True,d,11.199853084604833
0.536590084816553,,0.5897563252669596,True,d,11.595072512489853
-0.7540910793184448,-0.41064954043925184,0.30852318673887724,False,a,-4.169309330516158
-0.6210810045376605,-0.12424969056648395,1.2851896535561025,False,c,-5.408475033553978
-1.1565708482238581,1.1198697679037986,-0.5368815617692894,False,a,-5.5536951774632035
0.052226043385920906,-0.00046085656623191725,0.5209917904814347,True,d,9.413702772778015
0.8137018620201033,1.0055378946273696,0.37929914194813125,True,d,10.35301128891893
-0.7862206299671889,-0.11050609972506621,-1.9728977467867295,False,f,-3.437604907738921
-1.420264274937374,-0.36389329288448913,0.37049876026430223,True,f,0.6242632298841888
1.1164609989327483,-0.2901125314249275,-0.7662825629212657,False,c,-2.8655395026183945
0.02924977058377855,,-0.7144603150739094,True,c,0.8111933130740061
0.23744592117356808,-1.199371499227539,1.2769257780541652,True,f,4.353586652205788
0.4434942934153171,,-0.9058226665666854,True,b,11.23525342399644
0.8637833968989874,,-0.559845451981863,True,e,5.432229308538016
0.04451498416952244,-1.0661701854243502,0.7004874859639341,False,d,4.859496980984799
-0.5724950776512354,-0.4059349133709354,-1.3077520244861727,True,c,1.4724143841607127
0.1932035808232878,,-0.060049888131945395,True,c,0.13741114001142918
0.1070100871445383,-1.383839022090507,0.4862079228090042,False,f,-1.7798489010192746
-0.1788695217788239,,0.42450811199765587,True,b,9.200381979870217
0.09261015879985458,1.019990810977343,,False,c,-5.293376108021344
-0.36854521705022575,-0.4504488762217572,,False,d,3.2837691164411504
-0.11953578788805672,1.2977360919555314,0.14503990375908588,True,f,0.08142643607829236
0.06136687277321478,,0.514992015936952,False,b,1.7101516627459776
2.2825245355054626,0.6111131584064444,-0.06229348403587442,True,c,5.95087482366425
0.8664270370816587,-0.4237828244941821,0.20050885488914627,False,f,-1.0898690238693043
