x1,x2,x3,y
-1.5357645507796627,-1.3503393138141089,-1.8015494630405176,-7.279688362117424
0.6338215269846135,-0.2762245950611568,0.8004897152944168,1.9894796565275121
-0.49764406813382456,-0.009961406606304735,1.045690650742519,0.8480857099093049
0.4511303262213664,-0.13050277466579052,-1.5086627126740133,-1.489163582901095
0.7179622100816672,-0.8571131389460493,0.5536461630738811,-1.8868448869120926
0.7298525168903596,0.04876097331547191,-0.10631179790421497,0.6312854368091833
1.8200399839504176,-1.9976545857538772,-1.0783463943772853,-6.355817378807513
0.5488917575668326,-0.9318369333175087,-1.0359652559706625,-2.609649096007728
0.051774430986026854,-1.5299806024489837,1.6927811636816723,-3.0765609225275172
-1.6552946846114094,-0.7596499938572876,0.34139157665646414,-2.463521690310796
-0.45012618587462994,0.7524410976476035,1.5387921546747552,-0.23790719246085867
-0.838225387732495,-0.02808770545530015,-0.1686122650196178,0.5921751304696955
-1.4583957207468878,-1.1433406860467366,0.8269145760636993,-4.013061730210253
-1.9595776610840003,0.17347308356426527,-1.2821848778214906,-8.390710379077198
-0.34867247452259953,0.8305975241326671,-0.72270583607588,-1.4416053417647006
-0.029636402933079786,-1.432432753727284,-1.5744617194397263,-4.949839932113467
-1.914409695930566,-0.08678004271007156,0.8935503173831418,-8.368941408887313
0.23804027814002504,1.072349136704596,1.7051682607872563,0.30726022425916955
-1.6895332516520054,1.9790171258927232,-0.21605683941038878,-17.61117433279694
-0.3693345618079569,-0.5450294131146887,1.8360017051590578,0.8987326531442987
-0.7435801310756718,-0.0789909214580673,-1.147741337121965,-1.8104151555357264
1.0822032934658252,0.578064816003037,-1.303192689434311,0.163270645542539
0.4040791188715156,-0.23692382059456962,0.1196283706263026,0.6337982971136593
-0.3305673214377918,-0.055759718258186375,1.420919648457764,0.12351346986239198
-0.6596661522969964,0.0796110554998335,0.418408249934477,-2.2154599206350825
-1.89982223753629,1.3189374756215742,-0.5013990288805514,-13.696646721270998
-1.6419065123370662,1.343624486551453,0.3671189963915573,-9.971063778638158
1.4163374229185695,1.327969499436136,0.9611056265711557,1.3630051232863736
-0.03555508586532907,-0.42553986247145525,-0.8833523269029606,0.9716872875306484
-1.0015820505274147,0.6428408180466971,-1.0840405885460571,-3.4378353440177696
1.045091711339829,0.29361242592041004,1.013411587152297,0.6004289607264726
0.16093191478697788,0.7082664882002305,-1.693131079770597,0.5221357109122606
-0.4575383125654895,1.9686771548234843,-1.4580513698620532,-8.353248227242297
0.5762963545103439,1.843522029415773,-1.891316859599098,-6.020444160242965
-1.3133247435832383,0.9403127261496258,0.727043174590543,-6.111464206732492
0.8367425540536981,1.914251180918206,1.385163444603827,-3.270944516221394
-1.8391354281141639,0.401605947439196,0.3959103081356843,-6.879769937789001
0.39970102100769767,-1.7449507022020772,-0.4783818789385186,-6.268290672889212
-1.186615258973923,-1.5818284188751597,0.5005942666419347,-4.917252240201972
-1.0042409295244155,-0.1300356279496655,1.081330474540084,-0.7444090477210306
-0.4035645210445331,0.6471612251914136,-0.9567172013845986,-0.44030537574717465
0.8554413447674691,1.4214542285481993,0.7424693720256621,-3.0670850673219525
1.1697683518236714,1.8090406127343228,-1.9215051959163163,-1.9869522211114443
1.5794866015587168,-1.9099385538103597,0.709664856036607,-6.424958504738813
-1.1178017882847895,1.9095181084660346,-0.18910973192514602,-11.6729078136407
-1.9481065220101192,1.6447725940977822,1.8369491475966315,-16.395006378447952
1.043283322022167,-0.05886884892305,-1.1077943625873803,-0.49068299028368867
-1.2693513550203521,1.2593122810725985,0.4923240400467419,-5.108800146854556
1.1742190858076,-0.5351583460158107,-0.5102237817776749,-0.08168661113014566
1.8030101311150895,-1.775668824043115,0.822717735071361,-4.046109840135648
-1.9844647784634013,1.376015125311251,0.8843167200490525,-12.425428601162395
1.5931310548569555,-0.28779875336770866,-1.8824684995142982,2.5066860099432375
1.5455964923831984,0.9625539510621506,-1.3565456817951138,2.624157437778146
1.9477609508306606,-0.8409187673255785,-0.29649583601180485,4.436684707126075
1.435485189435123,0.17873092079069375,1.398499363501632,2.3869538742956604
-0.839170945831043,-0.9044258189776659,0.8927922716949528,0.17332393159620785
1.5706212292963326,-1.8638499849288808,1.9924959792682668,-5.749803037694836
-0.05213364987599478,1.884237185085627,-1.8003418408499337,-8.133818653991115
-0.034404473121163015,-1.125035556576063,-1.9658470465360143,-2.792063162638953
1.6247372999336354,-1.6019026006166222,-0.47206690513090654,-3.940250422134242
1.0923116869885265,1.5403122374509888,-1.1807850473890742,-2.8027222238071743
0.6469173122201375,-1.7741475955225194,-0.18442219000489768,-7.070784165668719
-0.3970294022738772,-1.661600363266702,-1.5143847340807715,-3.649525579368885
1.3546002443508947,-1.003103782738581,-1.9935106288871216,-1.0608841792060728
-0.37916695235012643,1.8517115173298446,1.0750688607066619,-7.257445944811197
-1.7332838834855173,-0.8329345122713696,1.559726051856741,-5.011835333517764
0.5375474469909549,-1.8155547940689303,-0.16888211332455505,-7.583473066877761
-1.3202700186922494,-1.9593100219287516,1.7844863485554314,-7.059163723326404
1.5182244241249125,-1.5343255342214426,-0.9957145380066752,-3.7188063306365473
-1.0907767409959508,-1.6564239841581672,-1.8815600202512042,-6.856974000505555
-1.672285461805767,-1.011620557380867,1.7139469207382225,-3.545332748742311
0.22602711394563313,1.4953385848160776,-0.29337905066422776,-6.307833132042431
1.4046057812995754,-0.7381471155538146,1.2366499229119379,1.2836889743523976
-1.810648943917712,1.0229237106869498,1.3894983601948203,-10.332352820754322
0.7798519311006378,-1.3965055961942139,-1.342767701410367,-6.7328132059907455
0.04707216740734088,1.9080823918794412,-1.417351493585747,-7.268416964101525
-1.7967171293634165,-1.2869564970073344,1.510422849024017,-6.832040928324262
0.8287738957446464,-0.8116657405987318,1.9446556107646624,-0.7526887875094397
1.657038053597513,0.5847979410878663,-1.9439815217900662,2.3428117739584664
-1.9771142394529524,-0.45795983329059586,-1.740803471763241,-9.731189580849612
-1.064891819724095,-0.7685912914606106,-0.9066337070577641,-0.3546199954716869
1.9703166562948788,1.5726759182121794,1.2434812721024682,5.711233615341374
1.0492939787696844,-0.7085816927446067,1.3388341335339358,1.396104461257551
1.0413353596089983,0.8469844735965388,1.2998677844035527,0.7039205353803442
-0.09682811120471735,-1.2284995142832602,-1.1879140721284687,-4.072172520580832
-0.5316632670128496,-0.98665012200179,-0.006550743623593203,-0.9199966758847518
-0.4855625895680098,-1.9363845550645924,1.1664566610497777,-5.145543716021254
-0.09585698044518365,1.221136123611978,1.1999457818440962,-2.0908722148603243
-1.0474782010521064,-1.976475798213532,1.8726048275170601,-7.738106836717012
1.4386796447882184,0.3282313737308642,1.2837618379717397,5.214223326915768
0.3056426332550277,-1.6780878354842312,0.22819094421680264,-7.047015085137294
-0.9924003338396181,-0.569915528667809,1.7538860250827062,0.3645123027831152
-1.4207565872352985,-1.7134790061658296,0.2111097206048984,-4.428458641670687
-1.309365391775779,0.5860890529690002,-0.7148736510144293,-4.199084439749908
-1.9963457888248235,0.0894923069370881,-1.4068120705324643,-9.672210507063255
1.2844000187861901,0.4690018550667032,-1.6810693283617173,0.6086798728457122
1.0980872146860725,-0.5649961220434854,1.9582044116982207,1.5174972743922084
-1.9420246275930095,0.4473332822214391,-0.8463050397901655,-10.305413501624972
-0.6470185656203165,-1.969304744473162,-0.6274222705712011,-6.8503617445727665
-1.0953558310428324,1.0537203087308336,-1.9929411694459898,-5.727040386570793
1.1819108403932823,-1.0710299191287675,-0.3702565907612647,-4.260076832772181
1.7780386898961797,1.0157816129462809,0.6642882883374912,5.36458692651558
-0.4302980677920596,1.7332763596820806,1.5128521535516994,-6.423227189957604
1.209734345223496,1.7432330746464366,-0.18366896507434838,-1.8502736638407145
-1.1140317506781727,-0.40804255531775135,1.1249275640422196,0.6674062623300321
0.04650615024332083,1.2414715162086685,-1.5847036219141244,-2.4387776800614698
1.4507180926568615,0.14478436732199995,1.5572247311400549,3.0700554175358388
-1.88769332509158,1.423694714520252,-1.2355716163001436,-13.363255603763331
0.7987032044595117,1.9202078928759359,-0.5773220775767909,-4.250800564831367
0.9845789783360916,0.07468131673486988,-0.997456918514295,0.8623743408254073
-0.15328061740630794,-1.6118031063783933,-1.995479779523468,-6.269609014684502
0.9976404180746217,1.5112079980346595,0.25621665547612027,-2.0497171116769186
-1.0982813818409967,1.8781759416235428,-0.5463329317243395,-11.0566821553497
0.6914383252449956,-0.7403884585517679,0.3239905152489806,0.053507031476617506
0.7359540365868549,-0.3147902239332496,1.0325329060605837,0.986949418275676
0.6404942480056741,-0.1914647497715487,-0.11853261877570764,-0.04631818032331117
0.8518437456821255,0.2687630149002209,-1.4762218430905891,-1.4445910138190374
0.7328663972798042,-0.8932557646674688,-0.6692209605468151,-3.211788519858912
-1.6550884498872747,-1.164913499741428,-1.0341576474137986,-6.206528099059894
0.8430965871700575,1.8712848435385334,-0.36208927916278144,-4.433759762369683
-0.001771410487828362,1.968176665821566,1.637603792723401,-6.307351190320813
-0.845361501482826,-1.4738791251819072,-0.5677365462338706,-3.576069807484388
0.48188387693314416,-0.60815872408133,-1.62649818024604,-1.0982555247548753
-0.28926994163580755,-1.6885209025011645,-0.8663885937268603,-6.476374346305015
-1.634563443671066,0.0420152318461775,-1.6062546012026861,-7.350414286552617
1.3132951044867323,1.1672403418430672,1.1693194970911738,1.286987227846477
-1.12377772999562,-0.22750146526977666,-0.013279682702978413,-2.6143324318581986
0.6231237035978396,1.9988491247080309,1.8756696219651028,-5.484151330745648
-0.38368680114324283,-1.6101971867212392,1.581020117984651,-3.9664924719021335
-1.0496925603909193,0.3916737436542572,-1.0751247100656887,-2.956333053343304
-1.060612366474862,0.39361854615681136,-0.10657084045232423,-2.4194356562107195
-1.6637134168724725,-1.5439920145651147,1.7985947455665992,-5.80603782213411
1.1425025197781462,1.0437984851840882,0.2308533061406246,-0.7715650505743912
0.8919432492090378,-0.32942053698221185,0.3869292306849106,-0.3841321664142717
1.6844368451369287,-0.8028935989809054,0.6310102684822945,1.336086086158502
-1.0028221473845345,1.2157899333625122,-0.7542691241140922,-5.343588714865042
0.12750843972979986,0.9141106338767675,0.3783949804494031,0.13649682938936714
-1.6917195993295393,-0.32911822371013155,0.7506596185703183,-3.6243817055115413
1.4746253229727548,-1.9044308022438932,-1.471046763498573,-8.402044645979691
1.7805995828750274,0.9692089928505268,-0.9059792364803809,5.055409277858699
-0.8162553484874171,-1.066918963100541,-0.3791846082060357,-1.1840700296688023
-1.992377108618205,-1.61766184163212,1.0807910741028919,-8.7228313208035
1.6187833523635438,1.7168314354549126,-1.2989522745758642,-1.041249002046146
-0.7234075825793598,-0.8639858080148386,0.7239609711280552,-2.2761502423034394
-1.8819215170953045,-0.12115838019414005,0.21810212579185118,-4.74318153031712
-1.2527341026755878,-0.5545072076097863,0.8263121542120531,-1.4724060819775553
-0.19704966185136996,-0.05403372817580987,-0.5279506358420729,-0.9401065572924898
-0.7766992967165063,-1.808047212758344,-1.62008746863749,-4.58719993745385
-1.920809510485456,-1.4644513096111322,-0.7637912354311025,-7.160545191250091
1.5306169097492779,-1.2249775608958449,-1.5167369787476432,-1.638159811286724
-1.4025354849773732,-1.066136892981258,1.5209328782150084,-2.8896404727813176
1.1595728212678078,1.0831651975541048,1.0561178846193013,-0.2825352953851712
1.9439695435847373,-0.8954240100723201,1.4738664557039196,3.725210244202955
1.0275768943370482,0.07233036699647943,0.09816355682622424,1.9238108871335131
0.42807562615126615,1.5855595255329007,-0.40909404983461783,-4.292871785028294
1.5923795786042527,-1.0857863810709523,-1.9168589014309712,-1.415651899405071
-1.7173408024575734,-1.7267612195552018,-1.902021448558345,-8.84739122165058
1.7876374254654568,-1.1702261420671376,-1.8537359010021932,-1.1699838313224578
1.4936729377551834,-0.21135908151657024,0.7247140965301635,2.7633817167089627
-0.7489130382378999,0.4314195544400916,-0.3903152515789521,0.7818974237121696
-1.8211953637434823,-0.4967671923480417,-1.7357666774694005,-5.824780267165073
-1.1935924369954338,-0.6988011924830801,-0.5220649829548702,-0.8008053233457377
0.5589754430464646,0.901289143940279,-0.6454876019338456,-1.5881363258569556
0.2974732824318731,-0.7931013085744358,-1.0405383942744804,-1.6608708172006903
0.8254059195866899,-0.04920584581178611,0.9967365426694381,1.916339958880291
0.9678595338405565,-0.49606698281554795,-1.8584180020044965,0.6317475607832664
1.6027782753995115,1.3912136334495115,1.3921859711303606,5.083534665894123
0.74706456744457,-1.9747211247893088,-1.150316105976684,-8.659752204669438
-0.25892368494882856,-1.5920593874841549,1.8775639831765867,-3.860054700968556
-0.012149329829417965,1.5833942986648575,0.7662672539297772,-3.317511618864989
-1.6354525219779585,-0.600961038194944,-1.2603143306546785,-5.183308789540913
-0.5814258534201415,-1.7030924892007766,-0.4169118259065381,-7.325607378920662
1.9179535389866254,1.0524124986558787,-0.6384856424662892,6.856283570741753
0.7083922223094135,-0.219953522446509,1.8061912366328547,2.2146718318587064
-0.1908473785612932,1.598660257702325,-1.0116170017147943,-2.6453343959259463
1.4061377367958086,0.6601883007006446,-1.5293088221648867,1.744763787656832
-0.27988952647148535,1.305739823708199,1.6107761808593644,-3.200928131473831
0.1613969783580429,-1.1263231277356072,1.4280812273681929,-2.689608014166374
0.7869285794376006,1.1076658662910877,0.14957317941356774,-2.2025493754140895
-0.008716912786737474,-0.7165152608619989,-0.5342921166657226,-2.1987259895935907
1.5859690086501823,0.3132015823407497,1.1960071493194646,5.751257072679613
-1.3185094273795612,-1.9523850067775874,0.4809262639294287,-7.968423025063209
1.1481325571894927,-0.9843214700429663,1.4175103049444582,0.9262654976823139
-0.8144835794283591,-1.8072269341811533,-0.3600855532461691,-7.115902908161037
0.9037354699194364,0.6844431029039031,0.8066877222523079,1.3895270707706482
-1.1756061562727163,-1.769469454684426,0.48430748528990497,-6.879906011699365
-0.31951550034067555,1.5036061875709552,-0.2696842133127335,-7.469498728501385
0.24566965118096018,0.16993594390413724,1.5647000574745573,-0.022305641204171445
-0.5705559047685127,1.0435285740734161,1.0886127236405896,-2.966276262475116
-0.9546913565976083,-0.7789807544486456,1.9588376918787023,-1.0403844422822777
0.2052324025536567,1.8978342915161313,-0.48249933926666166,-6.456117890317984
1.4401735734672103,-1.3168389687551474,-1.305355313250554,-2.239384533664033
-1.8519505204344062,1.4368830202890894,-1.3892019367128725,-13.348401167746474
-0.7626469845535273,-1.06260098345165,1.5958590487152047,-1.5406634015364409
0.9884617577115917,-1.7490337993632408,0.23632288726781647,-7.414024544160991
1.566644191487649,1.3820047995486355,1.8948945114273776,2.466361644927017
1.4452197685214472,-1.8236834960634418,-0.2254358544830577,-6.191985580439444
0.8851686132847751,1.2836251975950983,0.05535807399394432,-1.7127619299604446
-0.8231352137011041,-1.679386294032076,-0.9561477093403523,-5.495349192666767
-0.7168772012063669,0.13115185738968504,-1.6063079056044862,0.7086980443431297
-1.6911109592710138,-0.6125588880948771,-1.1369258456268034,-5.416432203575172
-0.9848243923820976,1.8672443363007583,1.7616726465374057,-9.538677884634764
-0.13243616805299396,-0.9501054752486131,1.8148979928826918,-2.54529823451703
-1.1810579300553097,-1.881032379273317,1.8944327764285416,-7.375348545105294
1.600250316549232,0.9532646235731592,0.7039520952789111,2.8622014895362478
-0.7959478559936177,1.2468748786798853,1.497378699998829,-5.374343280926604
1.2548282787918401,1.3141731401018677,1.0002385694014269,-1.480999288466213
1.92639208795973,1.3284077237526164,-1.5483712348489655,5.014662840090979
-1.9262406511042744,1.4599484521462434,-1.1634495025495717,-14.993781740557365
1.0619686223546285,0.8240115612327914,-0.07252880443112097,-0.5614258475718131
-1.8831155583091297,0.04529236495721012,-1.0170373414342788,-6.292171627581831
1.8120151950713526,1.404126237096972,0.22874313019908188,4.2365702517650785
-0.5662606600088012,0.4205553420258128,1.6367290541355528,-0.7889764214062158
0.3708791822223181,0.2921559559563778,0.19349911777712636,0.8767528140822348
0.5337790990034668,0.32194369348391927,-0.30514062612312953,-0.3750520146694287
-1.2823895060171298,1.063896220718655,1.5553061335303568,-3.9999694572320776
0.2552544111492394,0.19442556108779296,-1.3342330684943358,-1.3078771807735534
-1.3876885201694047,1.3431582434581038,-0.3773819351088443,-8.923322797948531
0.5346866008531355,-1.4277055552600353,0.575160810276695,-4.932352019488582
-0.9764124178413209,1.1012084060421703,1.714745546507825,-2.048762215574471
0.8761378417309986,-0.4507497420208493,-0.7381806225013188,-0.04428552507792327
1.2600673391447321,-0.12588216625004334,0.6168468151081479,3.0632722225530866
1.499701397271632,-0.9337415448926976,1.241432580265072,1.0432413434644439
0.47878969358182255,0.6600771678430628,-1.102093650438003,-1.0229896517646029
0.024419575033191254,-0.17445742771048423,1.988939488972425,1.9803961457037993
1.062517594479024,1.644579709376473,-1.5544825099895898,-3.331514678103833
0.7911351108494387,-1.1258021060002497,-0.42299470059902156,-3.7787537172748418
1.1590149575385817,-1.952398920934931,1.2795758641453077,-6.98494110069831
1.7399445302725502,-1.3743529717180132,-1.9755472971753996,-2.7280222954880626
1.5856742923622922,0.27654598884118453,1.312907090658788,5.95735843140256
1.9358439847317972,-1.5455593749900451,0.46052366108172693,-0.9074761239781597
0.4299926500416933,-1.5150963164167774,1.3482191557534846,-3.9270455087639573
1.233087080553244,0.967682504162517,0.264183865673445,0.49301488599207044
-0.6365092970752544,-0.07162099640293995,0.030950366527760842,-0.3220090674575882
1.3693627581909285,-0.6060852367700518,1.1896236626216488,-0.11866412108913393
-1.8775883236552091,0.07951641980514568,0.1162239146650319,-5.31432546207834
-0.7826900842526938,-0.008444947896679711,-1.154625763804467,-1.2661664660462628
0.8915007630978518,0.1959359187646954,-0.33861328098441223,0.42226421304137984
0.905777963491329,-1.2868341719092595,0.3621128521071322,-4.00861631204268
-0.515694001858586,-1.719862023827988,-0.3871942977081386,-6.0838512224122
-0.25141809631207357,0.8724130222407864,-0.4702097463099615,-0.9459623255139036
0.8981935217013044,1.084602071150917,-1.4660592336354141,-1.831163375505098
-1.1948759049451954,-0.044424977245726804,-1.1724946422491005,-1.9881050743066466
0.8765886328047614,-0.28822159166598693,-1.5148551189011497,0.14645447054692184
-1.5743331406465657,-1.6784716923479328,1.2821148762660388,-7.160916104489558
-1.0725561556927423,0.07139033604258893,1.4578693503928508,-0.5198833214234605
-1.2659340186847294,0.2604970799140536,-1.117520680916173,-3.1225180773340355
1.1407833518645676,0.10750751293617489,1.177753052503753,3.679734982212177
-1.931431430791331,-1.9180327773149761,0.13293043452560172,-9.766249634289997
-0.5024368738517144,0.8460572638480501,1.1415028223218915,-0.6194422743896203
-1.9046546024871556,-0.33403536473747986,-1.9355097682207831,-6.250547838452581
-1.665558157011969,-0.5234815400928117,-0.39059237813915937,-2.687119971004368
-1.371104798608651,0.6733627292582622,-1.1788748725436125,-4.236553747562567
1.989986255526511,0.3265474570065279,-1.323518838233086,7.504288984964928
0.5599166366058963,-1.428340440060683,1.5251964059841097,-4.711438679604756
1.5463037676117257,1.7101438898508308,0.9307809928514748,0.16862255329498121
-0.37269974382355153,1.6065102650760839,-0.9021472702567106,-6.617642316223748
-1.9908416854129491,-1.3133762083296836,0.7754708832370714,-6.026330825800949
1.7753646806054202,-1.092980717854862,-1.2318930116500963,0.40427356567497197
-0.016478811863887888,-1.3144842735999478,-1.934969134694307,-4.490161346825614
-1.4550014254700185,0.15221618512253388,-0.9405952832823639,-3.25178606931149
0.9754177428018869,-1.199922150652013,0.44393208890953684,-2.3801501331105417
0.40640389124674403,0.06594755998703361,-1.885005021031649,-1.825331875520504
-1.095665017021088,-0.36519232683163994,-0.48002381848467346,-0.8535897026030136
-1.5280174643494404,-1.3595965657093072,-0.3514809704402393,-5.126763444737013
1.3824192631865477,-1.1869935965059524,0.8082384225677055,-0.5446122322463892
1.0635289617798702,-0.09242308717104253,1.90205514401468,1.2604380637095227
-0.10453672928016955,-0.6623520168108739,-1.988745386236698,-1.1237989474119376
-0.5234467180871003,-1.0562817672573281,1.292407037407047,0.22604902707223218
1.32745293551188,-0.26055338216585167,-1.0548368010856537,0.9555806841550032
0.9554093623162583,-0.3244482911116,-0.6322211367683694,0.2343635773045152
-0.2684282432114844,1.2745147004734907,-1.601603369370154,-4.148812540189897
-1.831606449143309,1.2147186748001122,-0.32664397486051344,-10.996690293882308
-0.7465170142806361,0.40932337659389306,1.6863653411956334,-0.5516295690888322
-0.4501653016118654,0.881126345309255,-0.56902212687802,-2.095784495722379
-0.9109294711043843,1.8518728553951047,0.5090104308519403,-10.944354934949953
0.4461911627663979,1.861591008528392,0.4870983986805144,-4.185548183082921
0.3651618263551324,-0.9313555264397588,-1.6458261080284902,-3.7986779989429347
-0.532753737074898,-1.2789470978252897,-1.526741281110164,-2.3338781832876174
1.339448492713192,-1.2555606936929116,-0.3237635220226971,-2.8269198627155157
-0.8844633478137003,-1.5400857199312226,1.916005034649583,-3.301274072259096
-1.949831335351072,1.4419936727189455,-0.2534645851099371,-14.85145912325497
-1.1952257627194531,-0.817727758707453,-0.6909879792342393,-0.7252331524380851
1.2419121200892032,-0.9087975297415589,-1.2309678910651054,-0.9734225718789411
0.21441899581522206,0.7818183797256788,-1.75809747081263,-1.5907234472564469
0.4265633879235242,1.6994414741219166,-1.5531640308928294,-4.446505066761823
1.7580125224218714,0.34587863007097,-0.5422867968070757,3.312536837836622
-0.49275776635057467,1.279157550011556,1.9177942767179137,-1.84158772660128
1.7427363452775753,1.4183462890424412,1.7162344732291706,5.140820002103258
0.6677589334659526,1.2353488254057705,-0.6703358311430363,-1.2754358095225458
-1.4682252715060407,-0.17862071367695398,1.8820605444534344,-2.060769189127356
0.23150543872418217,0.33850730598064693,-0.03624605408282333,-0.6962347825262735
-0.7157348419772105,-0.05478904051139333,0.4723129893034259,-0.6290488484170625
0.5082287170036959,-0.9380485185866627,1.4134189357736338,-2.2372041078082683
0.25391056236298004,-0.7520074790428004,1.3969383242632305,-0.5236756309170053
-1.824957906919403,1.455498788192756,0.526403904963785,-13.0160979046979
0.3750393129770564,0.14217115740707742,-0.38110072494026825,-1.8437896228706752
1.0988612691709165,1.9623348301270531,-0.001057328813838243,-4.697124517000802
-1.1923806052512602,1.5603582150537885,-1.9430720281802256,-8.87396645126197
1.927936357017948,-0.8044812910847803,1.9708066348834063,5.158770714128271
-0.9978836481072015,-0.822647589405523,0.048342142425774615,-2.818229578036508
-1.1690535101736912,-1.3948760448624897,-1.1852665930487856,-4.609671332951099
1.2297284805160316,1.0710705371633575,0.7466688355774149,1.0422939894570264
0.8977517462709925,1.6780549144814496,-0.4112939819439223,-3.7001302848494864
-1.5655783160277483,1.3206407356019088,-0.2901622314890395,-9.973786813381471
-0.10228189557072476,0.15262595512187271,1.4206691633304045,1.8164634557001154
0.8557971952263945,-0.7229742130256818,-1.3731654732457184,-0.5013902343879924
1.1011549456135286,1.4022917649460735,-1.4786213650854392,-2.434460452560524
0.3226213129492943,-0.8262827976490894,1.5507600601073928,-1.667959569202597
-0.5919240389835356,0.2697094304766554,0.24978782991543413,-1.3184699030451763
0.6239962547784055,1.5092568470880212,1.7817335407988515,-0.9506011088683648
-0.043587200260714276,-0.2660988499992243,0.29686067983221864,0.16167413924359636
1.9772204449350963,-1.3470581083403887,1.9508444739106388,3.674406676868667
0.9823641495835536,-0.6931199661015777,1.161368770268028,-0.6176814741876829
1.5587856862926945,1.7863185129226733,-0.850107190511693,1.5058607142880718
-1.4884413458260872,-0.11022478235908117,-1.1733674195101265,-4.505907628549907
-0.28979019599931366,0.9444466969296865,-1.5099560166430117,-3.2137547704573386
-1.1273952196016275,1.178990496592073,-0.9235293180263726,-7.412464518788054
1.048706774610888,1.546620499835277,-0.3911110084432923,-3.073095532545167
0.4625227092099764,0.6215991083980255,0.8735928108994568,0.8017895684783422
1.8321332804523922,0.2699016227065174,-0.16636201179718357,6.587144753649417
-0.06454612676252713,-0.26676032757505963,1.7487819725869902,0.5205047803265619
-1.6368764972282794,-0.47378597823377744,1.5444086172712104,-2.2424399939213693
0.1498777023312261,-0.5991214943147201,0.028700209079006722,-2.0269731467591647
-1.8705394495147405,0.9309756337384125,1.7992011293584333,-7.455338448569231
1.4949961528971971,-0.1131132480912087,1.813897982341465,3.8220515280165572
0.9314648948076796,1.5688622513224977,1.6911503308189504,-3.184706599670835
0.5916307328022468,0.35345412433233436,-1.1552382971575685,-0.061687094092788164
0.7482628836040104,-1.1553271436406174,-1.3279648000571083,-4.622372998684922
1.3392848193299178,0.6403460777502703,0.5332647121119471,2.9389845766421283
1.7183307031826494,1.2017543310070273,1.8973155745273327,5.008955897705362
0.26618847828882286,1.0119737252606327,-0.4001076648118711,-2.4572662524903968
1.1184553372631685,0.8104135348324513,-1.0223953186879804,0.5890036431310436
-0.6993319046725026,0.28709256094376645,-1.4032078087935904,-1.7221670886894336
-1.8176122615049453,-1.3050668156169065,-0.7194642368014628,-7.125070530701942
0.7050217238002143,1.3234417681015107,0.4185884540400724,-3.958043633970366
-0.9994898979470661,1.329029218408159,-0.8064257657448968,-6.61865866502623
1.5287306967064906,1.9518894175569859,1.2994558100021063,-1.0136959899047988
-1.8170154596088803,-0.7053047905963128,-1.6194702364845757,-5.225777917884786
-1.7915089169730813,1.1193777583424422,1.1353298317448433,-10.359585348692757
1.607593455553722,0.0554169345865998,1.8374886631294838,6.030000174107453
-0.03064412996526622,-0.49086221103219163,0.20530585867135542,0.5020497968281847
0.9528963925032734,0.5961416989622847,0.5781132724824345,0.28930908435345626
-0.9362699748382561,-1.1359104947120109,0.19015805715216327,-0.942434545652628
0.09758157112885701,1.953152872887344,0.18960932624626237,-7.364674290531253
1.519185522987673,-0.8961014408343924,-1.7750976267121485,0.0372608619311563
0.4617060289589685,-1.8307960469871274,1.2544890404862685,-6.704585237601806
-0.6523582924359035,-1.1167198752503773,1.8093738685039704,-1.5337856175992695
1.5242683350036428,0.30026939189494284,0.17366290027629816,4.059153959915552
-1.1838130068394435,-1.2287782223920187,0.8458671480577622,-1.8124335190749599
-0.9096536436647953,1.8140160057726296,0.7262994864477617,-8.875390469981367
1.358095126588843,1.576290174154122,1.1727535174841108,0.9648300259442514
-0.721230927516963,1.779632913500885,1.1280856820477139,-6.809794308924081
1.009425643129564,1.6929302712686938,0.1986942338686304,-3.3152164021384936
-1.6715774869047002,1.1768489521569574,-0.9116793888606227,-10.043595902285235
-0.13847687210938897,1.8856157451738702,-1.6884315985012734,-7.109487683845955
-1.1237369878673529,0.19719852930479176,0.4806990434249694,0.6700164525516499
-0.8049677786592762,-0.29979476087324297,-0.6466762771531984,-1.97128453610125
-0.07872674648940636,1.1184732157970738,1.0965830079943815,-3.79823404151342
1.4022139976716606,1.5815947178653662,0.23165900759428748,-0.27409969880292756
0.9389468320731775,-1.5495655862695834,1.51953590910689,-4.660378465529319
-0.5140138350391426,1.6753906356139185,0.9161106261871055,-6.100381792863384
0.18582960345387267,-0.8356388816951266,-0.31019420495163796,-0.7031608606688862
-0.9669336814004295,1.5109922597334418,0.7396044332307539,-6.836488996476678
0.2940144826836195,-1.8017298181529329,-1.2481414219518223,-7.7629743474124755
1.595774999388528,1.7367177299947265,1.5747780072012252,0.08289586526328496
-0.3423158334703449,-0.36659974689889063,-1.9834569823109303,-1.4400700238078672
-1.9014877571945994,-0.996570713048345,0.11951991357786351,-8.21319401148213
-1.9239703226855696,1.9989373094985745,-1.6296408146297336,-16.9940833705258
-1.5752099716535208,0.7021791739293293,1.02346452871399,-4.998516093832238
0.18948871222419594,-0.4371295000673756,-1.5802044366415418,-1.7206372070544553
1.8556318334301354,0.15774840746048202,0.6485510703340944,7.928575836964183
-1.7911873158374063,1.7466044446035274,-0.6837587632254842,-13.599701091243706
-0.13249087738868504,-0.758345519007261,-1.2045673843272464,-2.022105861289824
1.8576875513157622,0.8677388790028511,-0.1634772175632886,5.733139863241626
-1.415192881017917,0.2919206313792637,-0.11207893651918166,-4.999129570211685
1.6680438024757493,-0.789185367895064,-1.1790736706214702,1.4323237610955764
1.701873254142844,1.0204691610214263,1.548576038866595,6.035353951237408
1.350621354321095,1.269108949068166,0.9620817433244029,0.7411160945219725
-0.5265133482081628,-0.01379026515141879,-0.014954780764824704,0.36579279617947547
-0.8150938565795998,1.081035864013277,0.15261556719903613,-4.11743426183859
0.8675510879866786,1.5643862252732337,-1.9231991354659312,-4.461703045450724
1.9971511435469842,-1.9500654912638162,-1.5044396919630527,-5.170078461455157
1.237875090737072,0.7783188534272556,0.9033648857485717,1.6081169204551633
1.6805286511857283,0.16862392368647194,0.02921529926482158,4.779982090937583
-1.5155677425347358,0.8138081142417697,1.4096998180268652,-6.347923108600853
1.3934457403878193,-1.5020873231524035,-1.3479845788400797,-4.257875760527908
-1.9616682072736111,0.784287151304961,0.5792127148375958,-8.889548090596552
-1.9983042261811117,-0.6927459939092753,0.5111107443923761,-6.800716724724494
1.315181195311974,0.4948491687836136,1.3812448387677256,3.197700134473129
-0.18324518670706658,0.7407158043268223,0.44290431759018833,-1.0918092538966395
0.1417441113618585,-1.341119884609018,0.7353727325882562,-2.4007123316149377
-1.9119265755919783,1.575549227121377,-1.9559031943616407,-16.95877346888883
0.349602528423687,-1.662298567558285,0.12841745458337028,-5.98432174771215
0.7254077097835672,1.3210781241693406,-0.5583538181323577,-0.47648711874867145
0.11551990316630079,-1.6304779003361474,1.7553717678669196,-4.087560179437656
1.9046553669533202,-0.3325206883461487,1.8750825446286266,6.774847174241928
-1.990491172638623,-0.6493873500798681,0.42672060354028263,-6.875237915274153
1.366864570684161,1.343480592609661,-1.7210789161591191,-1.7225875841038274
1.7272156517739456,-1.4063280958167428,0.873111131173439,0.6508543622258771
-0.25092521184021077,0.9944711788184084,-0.6418814334287029,-3.5587967814351424
-0.045323036494222535,-0.987952078138771,-0.35400677902500055,0.8467235660899477
-1.5474948826051413,0.06361993766671858,-0.6763908133815213,-4.066171097555847
-1.1885699758513772,-1.0770795690407278,-0.17620842219898503,-2.8781532808058565
1.5480230676859499,-0.9749835448634281,0.7150235570865684,-0.6112379728521751
-1.6134665193784477,0.33753338972265245,1.127702003816622,-5.190463654172929
-0.25766338681436673,-1.277034862742505,0.9315871660449679,-0.4301181373240217
1.5682876461513087,1.2048849023668784,0.2422475234178365,4.733695451765
-0.9393594026705316,1.5688591745577556,1.2271730522383657,-7.863654283136686
1.98329442276731,1.1968112637243231,1.7584017370679939,8.078040411276724
1.0392081100592172,1.5082344333762223,-1.082559696539768,-4.063745060767183
1.0338498146187005,0.8608312116357517,-0.7451309862794977,0.4599901254346572
1.4562936696120743,0.4920588302525042,1.049880262226953,3.848402428737809
-1.581330320949037,1.991936928483228,1.2590208378383712,-13.788672769790075
-0.39696532578917987,0.07658325182858139,-1.8701095779877228,-0.007110822465511646
-1.8083809138837688,-1.9236723458898495,-1.2632754741672687,-9.298129843990443
1.268969042852936,1.0423286229611581,-0.06928828727641134,0.7548370992099941
-0.4920213108151543,-1.7975063920793843,-0.4091921213250367,-4.250056837502271
-0.14719971419722588,-0.7456670497638642,-0.34612235639165423,-0.2733203557537164
-0.3234621836701992,-0.6028986159385017,1.8836922243758298,0.5651886157576691
-0.13729496405675734,-0.22314955751821453,0.7934427179531882,-0.772643651029572
-0.8759860064693319,1.8811905950166765,-1.7724165119770707,-9.07849877064303
-1.1424918046374186,1.650957059697963,-0.01680903438195047,-9.123291623974804
1.116671416745493,-1.836878119510581,-1.9739225918171552,-7.800589965176062
-1.1659909862969253,1.7128491004481812,1.9208635548521955,-6.7789677612025745
1.7379209724601004,-0.16892001949278246,0.8538719377921433,5.367437225387794
1.5278493491553928,-0.6846391748133538,-0.06436540924780143,-0.38850791694073683
-0.1819545540044385,-1.4011536279718815,0.045256109330770844,-3.7961909955214614
-0.35760304306374513,-1.1943722039303322,0.3598679428828153,-3.76223969494343
0.3616976494602646,-0.7785859195303817,1.3042764471894257,-2.2423446607908746
-1.2905690554583722,0.956274588837061,1.39925269958907,-3.6396179849795693
-0.42699127465168596,1.9768970164844695,-1.372767993603893,-9.096035175202923
0.5202036731515474,1.5112010611441056,-1.4549318996897083,-4.1293233287589795
0.4774866188271947,0.9593755752014226,-1.353985578921172,-1.1859122617728046
-1.8645544408076513,1.1034431463904486,0.854261184202008,-9.727557032404286
-1.7224594175739174,0.7815816636646229,1.4650154375065196,-7.1882255996957705
0.6303223945668321,-1.388292536112563,-1.923685594344863,-5.935347276771913
1.8569077473052502,-0.21955940639791205,-0.2232324172916229,8.011728667132331
1.0097874994853129,1.4829080682803442,1.1283129591030647,-1.2641531790391651
-0.8636246608973761,-1.170165630156145,0.5780838351577513,-1.4104433404449974
-0.8619855591058951,1.2986835460045496,-1.6521290537899032,-5.800791610260138
-0.32433587681498866,-1.1650949862461082,0.10731629060456571,-2.062277025567761
0.4754739262287302,-0.11386667259454031,-0.06196549816637642,-0.026016011061957927
1.243548207792334,1.3873009429687002,0.9675240479218448,0.3810854358975704
0.6905438128940324,-0.4750470103247615,0.3632355019126763,0.6037199025956492
-1.4293801449608132,-0.17817651255704536,1.0586475266941604,0.1822160914196731
0.6205744496556633,-1.7557514134782224,0.6752977885717812,-6.433309025480348
1.484548304449508,-1.5504247985896784,-1.6075287416802326,-5.584142869267056
-1.7541894725422993,1.5725056326334315,1.3202076049453435,-10.988528893308892
0.14601900265543666,0.8014349189195058,0.563146293795648,0.3960896882154774
0.6605131073590589,-1.6469675012075458,0.9310808946469242,-4.808215919010987
-1.200227234596714,0.322991747222249,-1.9209193291978774,-4.329748707623263
1.3520189796015414,1.0242833009477974,1.9123155486957444,4.245632045331352
-1.4030515546192652,-1.3415987906928915,0.10673119556149624,-4.745923637549359
1.5860695025604161,1.1710064190804497,-1.1298730783215811,1.865072611307407
-0.5153588166389476,0.5982165293510193,-0.3625784264381595,0.38667793320684885
-1.1880923363992308,0.9014444021432753,-1.8652109262670233,-5.9693211447195855
-1.5710626924480562,0.8774808249392487,0.04791929592281097,-6.115529891191333
-0.8120792131425332,-1.1312878401796893,0.6965158100593141,-0.5345040992911363
-0.7794610570174458,-0.07014776741605111,0.18501625544534495,-0.18089387923484834
-1.3309438478249827,-0.9063496587017745,1.0475351750648803,-0.9138987136585004
1.350772304334794,-0.49691251373263023,1.4195615893308102,0.9478967119374377
0.012226602230167138,-0.326246481673794,-0.3199579029452795,0.2756456792172544
0.006802685191782842,1.4668668100660511,-1.8779829508878807,-5.407953306004366
1.0038648034163566,0.6927181409267709,-1.0216016900702365,-1.3729874314290407
1.4776134101202243,-1.1379324507051822,0.1548171635700677,-0.7056596253737933
-1.909815712939305,-1.6234334711869307,0.803072635209761,-8.750776047127177
-1.4957271111746784,-1.328564435576577,-0.47715404472475953,-6.987838446494972
0.5474950645528902,1.820946445989812,0.6515824320473778,-6.9246045720456975
-0.2245223825243743,-0.9841241669049867,-1.0279033569113496,-4.163694207035504
0.11302801717203703,-0.9206051991486648,0.7755747074182624,0.015913193129253322
-0.27312571307601585,-0.24169265398394035,0.6476957412292705,-0.6520709595066267
-0.8902685539360773,-0.8231129722990822,-0.42891923607922333,-1.5447993986726418
-0.11839914753708003,0.682950932799677,-1.199066086579704,-2.6272483339289407
-1.562338210051998,1.9412464811875467,1.403812556966126,-14.714016584114326
1.605888191535183,0.01095525602074865,-1.3487237143159483,2.2605653056379067
1.4396885584471741,0.3033831292441991,-0.341061023263483,3.148302822910754
1.6963659625649097,-1.4381897094168625,-1.0668244515545977,-2.510396158328281
-1.3044434429079987,1.8112936094338958,-0.46081733635177713,-10.827608914052702
1.0530586971609708,0.9594315334859145,1.862108541743582,0.7749129810443383
1.541977856286406,-1.9128944663079022,-0.1779180132471927,-6.8098490400451
1.7440270915815907,-1.5397111590567203,-0.1773030231297974,-2.6407616904171647
0.8620699729496772,0.7253575713444591,-1.1182562923381352,-1.3136570165697592
0.5522567633868749,-0.12529520576806963,-0.14095093828441918,-0.1341168742475914
-0.5499370633468765,-1.5405164070073112,-0.6553328238878033,-3.846835336831546
0.18258470425438844,0.17325175414986882,0.9793573407728471,1.5347225258223298
0.10010332969017277,-1.590242405266935,-0.8073894942902049,-5.39441806579802
-1.745980870809118,0.42786584094445823,-0.2844562961971233,-5.350624688118582
0.30364958904322714,0.10162211284454736,1.5266778688882066,0.6278566310492109
0.848882460471843,1.850305431879331,0.6945963914562703,-5.385715718549009
1.9369349301885914,-0.358884240556236,-1.6900911838814103,5.518215346647849
1.8391278458295521,1.1477604364141403,1.2422891824594333,7.218238884268702
-1.5867023696861686,1.5959027301622193,1.3338293909320016,-10.297170368981696
1.3341708900248928,-0.7165681156621693,-0.7105636009665224,-0.928382901275435
-0.6783304860900654,-1.1399073577938021,1.7892140306926962,-0.10459359551072045
1.0670877784516053,-1.9328854599052918,0.20263265242630002,-5.782864113080075
0.5561726324320708,-1.5311746164409614,1.4674008673790313,-6.403075094651573
1.652255203256245,1.1939702896360034,1.209685933919673,3.496191080604902
-1.3486816939042074,-0.6417421942123971,-1.0997074832551714,-1.773476020310225
0.5600073979510536,-0.8559554003175487,-1.917774791045657,-2.496918657037688
1.944768508970435,-1.1553494233865647,-0.6826456096743247,1.3875304680181118
-0.7491702438959393,0.7346961878813358,-1.9537037623103544,-3.164191966854461
-1.143474750077556,1.2836596346945361,0.2722891614687648,-5.509097538523931
-1.1363569955681943,-1.2948768992119195,-1.85053516187086,-4.42344481791458
0.019505647260147807,0.7783912904554908,0.5499984804337554,-3.116952099805169
-1.7079650678380975,0.5880604858729317,-0.12453426978342552,-6.085681762073652
-1.9482988117489386,-1.4493760475845359,-1.1929111389256613,-10.312223937908463
-1.0840365224212825,-1.206196566620164,1.397805239539868,-2.226902651680462
-1.8519997030575595,1.1363404034572624,0.5373129425519152,-10.014602406296614
-1.7864740692997998,-1.609545617352818,-1.6245453510504895,-7.19211940438805
-1.595945959672565,-0.7869734394339605,1.3987120837310876,-2.525570453347955
-1.4429391348734932,0.7406997761127836,-1.0032954547203343,-4.852192914393316
1.9125156712549622,0.5187746287471828,-1.7403842915548524,6.794242846428949
-0.060703734068859205,-0.8998528859561059,-0.1961572522363464,-1.3097080180342475
-0.4603035649077296,0.16895163026751803,1.3601786966209195,1.203154713069626
0.9339789464496926,1.9963304815667997,0.199986622128991,-5.890791735278314
-0.7531600040367814,1.4505354123133976,0.5403831771389496,-4.876528886143066
-1.6440357269370702,-1.1923332341313655,1.5528837606872217,-2.9966527091963036
1.6249681528419795,0.5291730784368731,-1.6159587688154922,4.866239131722321
-1.1842769224496594,1.6986149870067044,1.976528088484789,-8.539239334449235
-0.08350278255701182,-1.1314978264240918,1.6069936962604725,-1.3003854056741515
0.2578471615073119,-1.5179754522079363,1.502173918554905,-2.8672527275991593
-1.2713079731573456,1.2406034605987926,-0.9267873020699584,-6.9738898605873425
1.2688274884032786,-1.767117169574162,1.9214408618600478,-6.9737989020847335
1.5818301035996298,1.0652153061775222,1.9185625829161608,3.925890025083344
-0.19021947853879384,0.47471510550734175,-1.8260366568381987,0.19053496664284753
1.7841471567583493,-0.7616191107926586,-1.7604684138154236,0.5649799839147644
0.5922531081937867,-1.8410106347058717,1.7617770146648466,-7.559714291847894
-1.2771899229569827,-1.1370775985832187,0.009886153223847227,-2.5065887114791967
1.9827524704815196,-1.5242717282554223,-0.24131457854156535,-1.2910080264067245
-0.5324223493663394,0.5368375678804296,-1.2717728638236956,-0.8852280533947031
-0.5142612053710907,0.9896297993465213,-1.5909672118423206,-4.143693505800928
-1.2509499036347749,-1.9986686500616115,-0.3484881734363414,-7.9753624634830365
0.8160104389577008,-1.2445904672732846,-0.5806774656475855,-2.773065337779678
1.9797485885738486,-1.0094267219951596,-1.0182080904873634,4.151545662014721
-0.6702095621580773,-0.6486054141383635,0.19837348718178793,-1.1577477955180124
1.337241415176663,-0.5564745688756081,0.1313581388453935,-0.28888081454390635
-0.9895485880601327,1.864210404167462,-0.8856040607685256,-11.055262325222673
1.7038950290328856,-1.1943956127037918,-1.6855522084335446,-1.0450321502380255
-1.269423166773934,-1.9482209008255214,-0.6004198415303814,-7.749908017481925
-0.22340261860033417,-0.1500328719214128,0.737584848200644,-1.0274458418110923
0.6750584772850696,-1.9448319324305077,-0.8781453701668189,-9.892529774416781
-0.42918260194076385,1.7894912176084876,1.2890149436838048,-9.838938116786462
-1.9675352940864297,-0.04740279228405342,-1.326534457974018,-8.197210330524461
1.9719774598616127,-0.00907531202955525,1.4510023477816216,9.321409004651139
-1.6778216743036154,0.035201614327310615,-1.3109762691201787,-6.362717230113791
-1.023933583798628,1.5002633945870296,1.5377620887114989,-3.82742458741044
1.15045242619777,0.7244186308426341,-1.588212220083697,-0.14828773934503237
-0.40243413982049425,-0.7283561686763318,-0.38869094884195476,-0.05068795997207842
-0.3671622043220948,-1.041725034210264,1.3180298439070621,-2.5061622306346116
0.27070029878098634,0.38129005471037836,-1.3643596051432425,0.8632170124214489
1.42646430264617,0.8075227347230247,0.6257784429775741,2.7023254732709776
1.4182565116409935,0.4044452450813294,0.5702439881506698,3.0662696383311334
-0.7278727029997958,0.05157651567294952,-0.9388078834601381,-0.9314583860257044
-0.3917638175619991,1.2150843481414086,0.16722085528234576,-2.489021321439292
0.07428033566972037,0.4824145551927632,-0.9738057395009543,-1.2923083544142326
1.6550972826710333,1.3442164256208184,-0.7132407412377129,3.11271144898228
-0.05421110246573502,0.3796527539409227,-1.5031905533004672,-0.3516456883878417
1.7697956109466348,1.8874482318418542,-0.8578718007707593,0.5753199581378581
-1.1250153741157338,-0.4872634214951139,-1.3272996891804625,-2.5576243008708124
1.386064797008148,0.7397653978850571,-1.2644587642668181,0.7780236715792999
0.8337603133339049,-0.9486713724261278,-0.3163921015826592,-1.769116792964223
-1.3794103049073945,0.9033265344138219,0.23515605322675492,-5.085333770575311
0.1424687550309236,1.1288561083800746,-0.7953604190743562,-2.4627716454600854
0.7741902883300646,0.563755548647364,1.8486896963097026,2.3447231392682184
-1.0981612457133965,-0.5099031936883383,-0.6198482527963978,-2.337096130588317
-1.240164408540318,0.847098570112574,0.6602163281962219,-2.7650654644186528
-0.6162942089907517,-1.0422691671450637,1.2744941267574816,-1.7409586977240838
-1.7199584018998153,-1.7697522538836816,-1.1154192373256224,-9.036125544852581
1.3140668894652965,-1.9380475840743285,-1.0764617975418678,-8.10955857398088
-1.6831557566161903,0.35150903712353765,0.9053283364435347,-4.51594387889429
0.9024870989815823,-0.1913664208258683,1.6278070957071709,0.10518048481847142
-0.4037622023026439,-1.1372252572572745,0.5550406981643645,-1.6125260411606288
0.5574716202818069,-1.4312035303295874,-0.8266808886615697,-4.812650406400198
-1.2887442137729757,1.5071176831978925,1.7825332466993262,-9.447563786253845
0.6597673191897377,0.3789645035617415,1.7969907593369934,0.7246313650164491
0.10902728438273757,1.14922471178417,1.6028812092361702,-0.7692355502178589
1.2942281105170728,-1.1329225931408944,1.1850534305299432,-0.3475585196582086
-0.592029801374836,-1.3070173935359444,-1.4938236472179462,-3.227642684313794
-1.542074895244411,-1.373081295508959,-1.5892218226549177,-6.495167601955385
1.7345060391533664,-0.08692750519662562,1.5705644693596432,6.764537789145261
1.7472400348399866,-1.312470605978905,1.0652162053698229,-1.2694423132844883
-1.1780299151283615,1.2786741140476106,0.39108854292565853,-5.412039186751373
0.4345726797750955,-0.03176270992987229,-0.926367903111255,0.6376152989336784
1.526687192376662,0.2220190274333378,-1.871794979639776,4.4090430224885475
1.613771913954439,1.7411503164664728,0.5422983138017998,3.069036404977103
0.9045199014681367,-1.3860659716989212,1.0955538649565533,-3.763088595291605
-0.9213509921875653,-0.8576484486715414,0.19122675753718843,-0.6116057597587273
1.5562608337624702,-1.1939468564805642,-1.4196940476150575,-0.6173897608256382
-0.9883456152828862,-1.4436155675823659,-1.8358206091518947,-5.834999180281081
-0.5413156187379182,-1.7857052816518602,1.1909832521842159,-4.7992633735587775
0.6004373873121445,0.1659153179324684,0.11874616482398226,0.5031853831981247
-0.8128036729429238,-0.26779559469493996,-1.0861130527341132,-0.12306722410525195
-0.34877804603129636,-1.5052631480009708,0.6942722882270558,-4.731531245555266
-1.8695196679391652,-0.575495703936121,-0.5236756867556966,-5.692577509579018
-1.4037553548800652,1.5742895903752014,-0.7570326155566716,-10.822718512796717
-0.5000168103913643,0.31971842177985454,-0.9027002009503295,-1.8384512719039359
-1.689550507331968,-0.3965317521729337,-0.80972776563154,-4.57959586759635
0.4318104425184002,1.8823070290290533,0.8428536598241738,-5.221474493785984
-1.6307422703248928,0.7387402948370418,-1.3435077749469366,-6.0155124288729365
-0.3899730187003496,-0.49400125459971456,1.3923801209493272,-1.7769762622782637
0.3014196442151351,-1.9603459966796803,0.09099086492913333,-8.577384580830467
0.2240884013477089,0.5879675137707427,0.6972622852729349,0.5994060821577661
1.1090281479550996,0.7707971791276798,0.5301277431367986,2.137742946364348
-0.23477415149740155,0.7609719869738241,-1.533494216100387,-2.7135770436660107
-1.6756335115013146,0.4507540784435724,-0.5651018041903924,-7.713358883138847
0.2709587717029729,-1.317787909091091,1.9419052013210858,-2.5561299819166767
-1.8294543995456216,0.42018931266738635,-0.08305685116761596,-7.566665823560401
-0.8870851766961874,1.319008220047298,0.27599666376375476,-5.114789396412283
1.2270407218820183,1.984267550670526,0.40527984022315433,-4.055861374291135
0.14437994679998178,-0.9333584095202232,1.1977130687642967,-2.0974883666813278
-0.28601014882791054,0.8603872070267444,-0.2777514205080531,-1.693257340910648
0.8796558500342448,-1.0475341157894071,1.2532952438683718,-0.416926424685498
-0.19221489383103396,0.9358880238500369,-1.286452121795933,-1.291276391730885
-1.019274830333262,1.924403138258247,1.7858708713896037,-10.46847805435054
0.046433505168595346,0.4510701190295041,0.7522213852754307,-1.5544111987249778
0.2752218037885532,1.4480471074654213,-0.2884308969045173,-5.801284915359374
1.4544494569713433,-0.9850842636154753,1.5976711922363043,-0.28958660725023166
-0.31952483532826115,-1.5339635009732557,-0.40333708181039674,-3.225877842899211
-0.666708150556969,-0.2628692401746884,-1.337211869900838,-1.2430290962864115
-1.8429736857093282,-1.628916475299186,-0.8220732146188761,-9.131853347548812
-1.0763114908194384,0.375646881191225,-1.8504833539193863,-4.499268423827411
-0.017586582859551392,-1.386358377544957,-0.2550141599654725,-3.618101554961739
-1.6586006351642073,1.154929256358221,-0.43368618345779764,-9.995454379415781
-1.8618636755143347,-0.09186284913752107,1.2970356851972604,-4.919566515325014
1.724111919075443,1.409190439711498,-0.9206883513544581,3.5564754220261525
-1.526607263434042,1.1195919682189222,1.9352116386819986,-6.006340324046349
0.310515572852474,-0.5214017350573439,0.335890412873717,-2.3335542026226945
1.4048873653913594,-1.0277053627357025,-1.2286266436198243,-1.2173252541983361
1.0952360898230236,0.25173163112749775,0.09631151053766418,0.23389621646188474
-1.5793532730282824,-0.8700209744802065,-1.43707969076006,-5.229888837564283
-0.8772920261800596,1.8607822230471918,1.252274284536719,-8.075169323876862
0.4523001274289258,1.8429905959578683,-1.877797679251867,-5.755236063968756
-0.5118716464399022,1.5825668169960636,1.261439457005189,-6.707587360294676
1.0331998611944533,-0.9297478768060787,1.359596459140961,-1.1876430684794244
1.8175202263758425,-0.945664505920631,0.5146056814530477,0.5104040919659645
-0.9590926389200596,-0.1362786710236774,-1.2967242002840207,-1.640858650574295
0.7615925978684133,-1.0248788262476505,1.5410453933050055,-4.130242482180417
-1.5290564413148342,1.1217981560224097,-1.760038839304495,-7.305895613199606
-1.4701496057605756,0.4005572036287215,1.4992443018405819,-4.162434852797039
-1.8022014257853631,-1.3169362502705648,0.00015999969731073094,-8.573425028092998
1.4501409400241587,-1.0381764705195624,1.5285183382416192,-1.3922391969969896
1.5880694511549094,1.1445265263729092,-1.3940791874690817,2.7248239768039237
-0.009055736434881112,-0.5710246703758406,-1.961480434648407,-0.5822843188196674
0.9956501586585631,-0.6258554726393175,0.17992455711072042,0.0454433067613092
1.9552841400381364,1.9555552247912336,-0.6499431720738382,2.668441250425015
1.871657328760107,-1.1339703200118962,0.7706136462854056,2.2210015907256686
-0.13879165139475624,1.7531491235951502,-0.7376921715227853,-9.461546586452727
-0.22414949265228756,-0.6093406808390411,1.8943041059173424,-0.8373042308380574
0.9935627407687879,0.5128577336386484,1.1805459752809697,1.6236720467134798
1.2307290070586223,-0.7120802056234679,0.32179502640383406,-0.8724402918255557
0.4478812418083873,-1.2888180559564915,0.4829996879292966,-2.8842065345730274
-1.503620718070557,-0.5945614777977899,-1.4674119377470727,-3.3818516450014315
0.33043945931060525,0.6281001309104322,0.018902613234272447,-0.6988635467402414
1.2902256916263037,-1.5300026988715323,-1.2103589629624532,-5.23907811087509
-0.7291028919665359,-0.1942878764669569,1.3642909570278583,0.9801831562232871
-1.7823970499565278,0.5801604688858215,1.9988985881036072,-7.779777585812317
0.6137989538644368,-1.6958319049706598,-1.6849482243602152,-7.623979965122434
-0.06403303934106175,0.2971738792162948,-1.299886389752091,1.5988514018934132
0.021972430432876333,-1.8235409377348852,-0.01409734090738013,-6.348677322599031
1.375306535818933,-1.6246868134503645,-0.8355232489829301,-5.127722861530466
1.0508481626010764,1.9495264821642468,-0.4676880254101423,-3.919969034111183
1.4746334681855138,0.8682076658407043,0.4638202302510872,3.791294367833476
1.5226043326130752,0.8452782674545656,-0.824385458539934,3.074713243825884
-0.6729865465894447,-0.9285754905829138,1.623322655020727,0.32706073489567145
-1.0126567881333925,-1.3503341845671657,1.8458475983628584,-2.799574007347547
-0.8200982324301362,-1.614885795652123,-1.132435541484437,-4.874818762947478
-1.12507182780729,-1.880088759024955,0.26547425935704627,-6.017563208713753
-0.9505547577979176,1.3080462397798152,-0.033475516085898605,-4.248496322798433
-1.1802650063504214,-1.6844842678348502,-1.4466926124100588,-7.214105953872387
-0.9652338997591849,-1.0402797830580663,1.4126107461298103,-0.24337234956129095
-1.7601546870432068,1.3222048658924286,-0.29654228374831426,-11.291341174257484
-1.4832829821795785,-1.823925195736686,1.3334035683195355,-4.3329341044346155
0.9481413016258506,-0.3607198361996171,-0.7154973656421282,-0.09747916699755481
0.9252760016266963,-1.0413538110515197,-0.3087894266796849,-0.6947457128137227
0.4888738072377814,0.2689357053167778,1.7617188052133446,1.6273808138901216
1.2616681344964764,-0.895522405823002,0.255027584181001,-1.6445705482893624
-0.7407834648637173,0.21940376666715578,0.6456159113756477,2.1362186837983836
1.4639292560614758,0.5905609322476679,1.9110659356242814,3.534772080866945
1.0481669612995663,-1.85749190153726,-1.2440419761083996,-7.596561275420023
1.7203161557420876,-0.586814523793378,0.46345427702184416,4.131648593962188
0.8934007486180393,-1.3625854059330482,-0.3062564005771966,-5.435522850066691
1.7676291999998939,-1.8541060830992722,-1.5005704105556976,-7.824335767547101
-1.0676713407085203,0.10111199801834347,-1.8224359341219047,-1.8313143377493155
-0.4297237631041311,0.2746967040981403,1.9561167551950809,0.2941294596510873
1.954658468424781,1.09278039511518,0.22789866225424005,8.949295791523827
1.7704385733185095,-1.7182182637293328,1.597794233348985,-2.328358602399175
1.0835633285698907,-1.0254040748326796,-0.8738819548505599,-1.0336721322099123
1.0151924564470018,0.9420880148949617,0.23092411705195914,0.16704238671017496
-0.39350899029600406,0.6114876630569257,-1.6790131700130804,-3.614219112225892
-1.0370496949343857,-0.1981114642561912,0.3334549227790493,-0.8034859375617482
-1.9195225569679053,-0.31104106495111417,1.7777862003432094,-4.587319512341977
-1.6067715795753492,-1.401381082602251,1.4047235624619625,-4.949944789819453
1.175320639754934,-0.8297209813094426,-0.33357401694958666,-1.9050810502038527
0.16137560889414893,1.1598384224221632,0.9563877774721856,-1.3348739333844704
1.832773863426635,-0.8129685500384363,-0.4295813375634965,2.4352473573620514
-0.6083125639665621,1.4093953142017126,-1.140612125307864,-5.500540546896939
0.1495885441470275,-0.4174879759314729,-1.8412036510245064,-2.232882780233397
-0.23118288800356712,-0.11467970356816659,-1.2251757152464018,0.38607353516870047
-0.9237852766366204,-0.5839275273304176,0.24432514257883842,0.4132296407684889
