AT,V,AP,RH,target
11.76,40.96,1023.22,81.31,475.18
24.37,68.14,1005.22,59.27,440.22
18.42,60.1,1009.77,86.75,451.93
23.22,63.07,1012.91,77.59,446.62
26.02,71.94,1009.38,64.12,435.21
14.22,45.08,1023.26,84.41,466.47
26.92,62.44,1011.09,70.8,437.99
21.97,65.61,1016.09,73.29,447.05
16.37,39.64,1009.19,76.92,463.91
25.24,57.17,1010.44,74.0,442.77
24.59,72.24,1011.42,81.5,433.31
27.16,59.87,1011.78,58.84,446.38
19.44,39.53,1006.99,63.18,457.09
30.47,70.02,1009.65,62.03,435.72
14.75,40.66,1016.7,81.65,463.83
8.53,40.77,1009.85,90.95,481.03
26.99,72.99,1008.0,76.1,430.81
22.98,58.46,1016.06,72.69,445.05
32.38,69.05,1000.76,45.85,429.31
17.1,62.1,1020.39,93.63,453.4
19.66,59.87,1018.75,87.6,446.28
7.94,43.65,1018.75,59.45,479.8
28.36,68.08,1013.34,42.82,434.54
21.82,63.9,1014.48,92.53,447.29
25.68,68.27,1008.05,68.48,434.89
14.73,39.52,1017.01,74.21,470.45
12.03,41.58,1015.09,90.43,464.02
6.93,41.14,1027.18,84.67,479.06
10.61,40.77,1022.09,83.62,471.26
26.45,71.37,1008.0,77.06,438.36
11.02,44.58,1016.4,83.57,481.85
30.21,69.4,1003.69,62.89,438.18
35.77,73.56,1006.36,36.31,430.14
21.8,62.39,1007.84,89.04,452.15
30.03,70.02,1010.07,64.2,436.88
24.1,52.84,1006.47,47.58,444.69
24.85,71.98,1005.97,95.09,433.64
14.12,42.99,1007.13,78.16,468.45
27.59,50.05,1005.71,57.03,437.98
13.43,40.1,1015.82,87.9,471.77
19.3,44.9,1008.89,70.55,452.75
24.92,73.68,1015.12,93.68,438.23
24.01,50.16,1004.22,75.32,443.03
17.3,46.21,1013.56,87.57,456.77
14.53,39.0,1016.48,76.36,464.86
17.59,65.48,1018.96,81.34,454.51
24.18,59.92,1009.88,79.54,438.85
18.86,42.18,1001.16,98.58,457.07
12.47,38.25,1012.74,82.89,469.56
17.51,68.28,1004.36,94.87,449.59
20.78,68.28,1008.75,60.87,450.57
26.63,62.44,1010.86,70.82,438.25
5.28,45.87,1008.25,97.88,479.91
23.48,51.43,1007.13,84.83,441.78
23.15,69.48,1011.07,85.83,436.16
9.19,40.62,1017.78,68.91,475.42
14.24,41.16,1010.16,87.0,471.0
13.87,41.74,1021.42,64.02,472.12
12.28,41.49,1019.73,94.79,467.44
21.75,67.45,1014.89,67.09,445.1
19.68,56.65,1020.75,67.25,456.89
28.55,66.51,1015.46,34.04,432.59
13.93,40.24,1017.88,88.35,469.25
24.74,59.21,1012.18,74.2,440.36
12.05,40.55,1016.63,100.14,472.19
27.01,52.3,1007.78,60.38,439.51
28.44,77.54,1011.73,77.3,433.21
25.14,69.13,1011.15,85.67,433.95
27.06,64.45,1008.72,54.21,443.1
21.61,58.62,1017.61,76.07,449.11
10.16,41.55,1005.69,58.04,477.27
9.15,44.03,1012.45,81.67,474.26
16.21,50.9,1012.46,84.45,462.68
10.64,41.04,1025.0,93.59,468.88
26.26,74.9,1003.85,81.94,437.44
23.27,67.9,1006.17,71.01,447.25
27.65,48.41,1008.54,58.25,440.94
22.16,58.82,1009.61,87.16,444.76
24.34,70.79,1006.82,85.66,433.83
10.37,40.03,1017.47,90.47,477.91
14.72,43.34,1013.07,85.61,464.22
33.42,68.51,1011.91,45.83,427.66
9.06,41.92,1029.9,90.88,473.37
23.66,67.17,1007.24,87.56,443.43
27.4,69.13,1001.4,82.47,426.18
24.44,52.84,1006.39,49.05,440.2
12.08,41.39,1019.45,78.3,477.8
5.78,40.62,1016.55,84.98,484.13
10.22,45.01,1018.27,93.62,474.32
27.14,75.23,1011.47,63.14,439.33
10.14,45.01,1018.12,94.32,473.56
30.91,70.32,1011.92,65.59,433.71
14.68,41.23,998.43,83.71,469.25
9.46,41.4,1026.78,87.58,480.82
29.09,70.98,1007.86,80.35,439.34
14.81,43.69,1017.19,71.9,470.71
31.31,64.44,1014.24,51.08,438.14
21.81,63.77,1014.28,83.66,444.52
13.64,44.88,1019.85,56.86,466.66
25.56,70.32,1009.07,90.63,433.72
8.46,40.8,1023.57,81.27,485.06
23.95,66.48,1003.55,73.68,431.87
16.51,41.79,1007.1,74.03,457.74
14.22,45.01,1014.17,70.14,464.06
9.83,41.17,1019.34,72.29,478.21
16.01,49.64,1026.35,77.75,457.8
7.92,39.54,1011.51,84.41,481.44
31.92,69.13,1000.77,58.91,425.19
32.19,69.13,1000.45,48.22,425.21
28.05,70.36,1006.73,64.42,434.06
20.56,64.45,1012.24,53.09,458.97
24.85,68.37,1006.5,68.37,442.66
27.21,64.05,1010.08,76.69,442.37
19.13,50.78,1008.51,87.54,447.03
33.67,80.18,1010.83,60.87,431.99
26.19,49.3,1003.69,65.88,440.13
10.31,40.67,1017.61,69.61,485.25
19.3,46.93,1014.83,66.71,456.62
10.63,37.5,1008.93,98.14,474.81
7.73,37.8,1020.71,63.93,483.94
24.66,58.86,1013.86,56.39,444.42
20.84,51.19,1008.63,84.11,448.98
10.32,39.28,1016.56,94.13,478.88
21.84,45.09,1013.94,46.11,450.88
11.7,25.36,1008.65,92.11,470.88
19.22,65.06,1015.05,82.5,446.98
23.69,58.05,1012.08,74.26,444.46
22.57,68.3,1017.43,87.69,440.81
25.52,69.75,1010.36,90.06,435.12
29.87,73.91,1004.53,74.3,431.8
9.78,41.93,1023.18,75.05,484.03
9.74,41.01,1019.12,98.39,465.8
22.49,62.96,1020.21,78.99,447.48
23.09,60.95,1015.02,68.78,450.31
24.57,49.82,1016.82,65.25,452.3
21.11,41.67,1012.44,52.86,460.33
9.42,41.4,1029.21,86.4,474.75
22.42,62.52,1016.83,63.27,451.64
27.1,52.84,1006.28,53.85,439.08
31.95,70.8,1008.38,66.26,432.79
22.56,70.98,1005.66,95.95,440.81
30.51,70.94,1007.64,59.42,430.91
12.64,40.69,1015.86,82.06,474.08
24.4,41.1,1002.14,38.75,451.66
22.25,60.77,1017.8,82.19,444.05
20.3,48.41,1007.48,89.66,446.68
21.01,51.19,1008.44,81.49,446.2
13.52,41.48,1014.46,67.12,460.76
26.91,65.34,1014.19,50.7,443.6
10.37,37.83,1006.5,90.99,470.66
25.09,57.43,1013.2,70.42,446.11
10.27,42.34,1022.69,92.78,474.55
26.93,62.44,1011.02,70.05,435.11
25.62,73.17,1011.65,86.45,430.56
8.79,40.67,1019.5,66.3,489.02
22.68,50.78,1008.83,70.3,447.69
15.17,54.3,1017.38,72.11,464.39
14.65,35.4,1016.16,60.26,469.61
29.89,71.29,1009.0,55.72,431.45
26.89,56.85,1012.27,43.84,436.44
28.24,64.69,1007.35,61.14,438.03
23.51,57.32,1012.55,53.6,444.58
11.97,45.51,1016.84,81.47,472.82
27.19,62.91,1011.57,53.66,444.8
23.6,48.98,1015.41,48.28,448.43
14.64,44.92,1025.54,91.12,462.64
16.53,46.18,1010.2,95.42,458.67
30.75,71.25,1000.07,65.47,431.93
10.59,41.46,1016.87,85.7,480.83
25.43,60.95,1014.62,51.39,444.65
31.44,72.86,1003.74,61.45,433.59
14.81,39.58,1011.62,73.64,467.32
32.38,77.24,1007.7,61.15,430.96
31.43,69.89,1014.8,56.22,426.15
23.6,60.08,1017.51,63.02,451.97
10.95,40.22,1010.04,78.96,477.23
30.82,76.2,1007.47,59.3,432.22
25.72,59.21,1012.37,66.62,437.72
30.67,72.86,1004.25,52.72,432.76
18.17,52.08,1001.91,100.09,451.06
29.31,68.67,1006.18,63.38,435.57
19.3,56.65,1020.55,70.43,459.1
25.5,68.08,1011.13,72.86,436.07
20.3,44.9,1008.25,64.08,457.6
23.72,58.62,1016.32,71.17,447.13
31.26,68.94,1005.94,39.49,438.03
25.42,66.05,1016.74,68.92,442.6
5.56,45.87,1006.99,96.48,476.61
22.95,66.54,1004.53,88.06,434.41
28.07,66.17,1010.58,64.11,443.77
11.28,43.41,1017.91,81.03,471.42
24.96,74.99,1008.25,80.52,440.91
25.61,58.86,1013.9,54.9,444.77
18.85,41.1,1001.95,61.75,462.4
26.31,44.57,1007.51,52.6,452.73
17.11,49.78,1007.25,100.09,453.22
13.78,42.03,1017.51,84.94,467.6
13.94,41.26,1021.67,74.4,467.9
19.74,45.38,1015.11,80.67,459.39
27.2,49.16,1005.33,46.73,440.57
7.0,41.55,1001.43,97.12,483.92
20.17,58.12,1015.41,79.47,455.25
23.48,49.16,1002.7,70.22,445.72
12.21,40.64,1020.31,83.84,464.03
20.6,44.58,1017.67,48.36,466.2
24.96,68.12,1011.27,70.22,437.62
30.85,68.94,1007.31,68.99,426.1
10.74,43.67,1011.75,80.1,477.32
7.04,39.37,1019.37,69.11,488.0
10.29,40.56,1017.28,69.13,481.7
14.47,42.99,1009.78,91.15,469.0
23.96,65.34,1015.52,56.82,449.23
11.01,42.02,995.24,98.62,473.96
25.19,64.44,1014.75,64.38,444.35
11.02,38.28,1013.51,95.66,472.11
20.94,44.78,1008.14,35.7,465.57
25.86,59.92,1009.92,73.95,436.06
32.53,77.95,1014.76,58.1,434.44
22.99,60.77,1017.97,78.47,447.62
8.97,44.03,1013.16,80.39,474.61
6.28,43.02,1013.72,88.13,487.17
21.22,43.43,1010.96,61.07,448.06
21.63,60.84,1018.16,77.53,445.93
33.59,79.05,1007.79,63.55,436.51
25.5,63.56,1013.85,64.69,442.28
8.49,39.61,1021.05,87.74,483.94
27.63,64.96,1006.3,75.38,434.22
21.69,57.17,1011.75,82.63,446.61
11.43,40.22,1010.84,81.04,477.5
24.58,56.9,1007.08,68.24,437.16
13.95,40.2,1013.18,90.77,464.79
12.35,40.8,1027.35,72.69,476.88
24.15,71.73,1009.76,85.16,436.55
27.89,70.94,1007.54,49.18,435.21
14.65,41.92,1030.61,63.07,464.95
5.79,39.61,1021.64,85.41,489.6
26.14,69.14,1007.1,88.27,439.03
10.62,39.64,1010.65,62.15,477.07
13.71,43.41,1015.45,69.26,466.06
30.09,64.96,1001.29,56.04,430.3
13.82,40.2,1013.19,90.11,466.99
24.7,44.57,1008.24,57.62,444.65
13.32,44.2,1020.02,78.78,465.57
24.42,62.66,1007.65,71.57,443.09
13.1,49.83,1007.29,92.79,466.08
8.07,41.01,1023.26,97.5,474.09
22.17,65.61,1014.71,70.91,449.91
6.5,38.68,1017.8,62.9,483.72
30.19,68.08,1010.95,50.34,431.25
20.63,43.77,1010.71,62.34,448.25
13.21,45.87,1008.58,85.66,463.1
27.99,66.91,1008.47,59.63,439.74
26.8,72.58,1008.94,78.24,428.62
12.0,39.96,1011.73,77.77,471.42
33.94,74.67,1015.94,28.16,427.98
18.68,43.69,1016.68,48.88,463.02
14.59,41.23,999.48,86.66,466.83
23.93,64.05,1013.09,86.02,440.66
27.26,66.56,1007.83,60.95,434.88
12.71,41.39,1019.3,74.2,475.13
24.82,74.87,1010.28,73.54,434.46
11.36,38.25,1013.22,86.16,473.55
21.85,59.8,1016.89,75.28,454.26
28.32,71.32,1008.02,78.82,433.82
12.45,40.1,1015.4,82.61,473.63
30.74,79.05,1005.78,73.19,430.69
29.83,62.66,1007.98,47.07,438.71
20.21,69.94,1009.33,83.96,447.06
11.09,40.43,1025.47,74.97,490.96
16.39,41.96,1011.7,94.85,463.99
25.14,73.67,1006.94,88.51,430.89
32.31,77.95,1010.15,62.17,430.15
21.67,57.76,1018.32,68.21,452.56
12.61,41.58,1020.17,85.18,463.36
17.75,55.5,1020.15,81.26,459.43
19.81,56.65,1020.62,67.99,457.72
30.51,59.57,1011.08,61.94,436.92
15.17,36.71,1013.5,77.44,471.93
16.46,48.6,1006.08,89.0,449.58
19.2,59.21,1017.84,89.56,450.86
17.39,46.21,1013.94,82.73,454.06
13.58,39.28,1016.17,79.17,472.17
16.55,41.93,1022.71,42.73,466.77
13.65,44.6,1017.99,87.04,466.06
22.39,59.04,1011.78,86.39,445.52
14.43,35.85,1021.99,78.25,464.6
24.44,59.21,1017.36,61.45,445.82
24.85,70.09,1006.56,70.09,439.96
24.86,44.05,1005.69,66.65,447.2
25.53,57.17,1010.0,72.57,442.12
17.53,42.24,1016.9,60.95,470.63
26.98,74.78,1009.77,69.54,442.28
8.46,39.42,1025.05,69.36,474.42
10.32,38.91,1012.11,81.49,479.17
28.5,64.84,1011.47,54.41,441.74
28.09,63.31,1013.01,52.6,438.6
10.2,41.46,1019.12,83.26,480.11
9.47,36.54,1007.93,77.65,475.48
15.55,45.09,1014.33,62.19,457.36
26.41,60.93,1007.16,66.02,436.71
22.97,64.15,1021.0,70.61,450.07
27.25,50.05,1006.53,60.64,439.63
9.26,40.11,1024.38,74.82,460.72
23.76,70.32,1012.13,78.84,434.64
10.11,41.62,1017.17,97.82,463.57
10.48,41.93,1017.17,92.81,480.01
4.0,39.9,1008.46,97.21,490.68
27.65,67.07,1005.65,60.42,439.03
22.75,57.76,1017.83,66.54,452.33
22.74,61.87,1009.66,55.03,444.59
19.73,69.51,1013.14,61.84,450.99
29.78,69.71,1008.96,67.46,434.33
10.33,40.0,1021.35,90.84,479.32
8.07,43.69,1017.05,87.34,485.18
9.76,41.01,1019.66,97.59,467.6
25.05,58.59,1013.37,66.14,442.93
20.71,58.79,1017.48,86.67,444.39
24.54,57.85,1013.02,65.61,444.93
26.25,52.09,1013.2,53.12,450.53
14.13,48.92,1011.72,78.06,464.17
23.01,66.54,1009.86,64.53,442.47
19.69,57.32,1012.41,75.51,449.59
28.87,71.97,1008.74,82.61,435.86
30.93,69.98,1013.33,62.1,432.25
10.65,41.78,1013.66,70.04,474.27
14.03,44.88,1019.6,57.63,465.51
22.76,57.5,1014.75,74.38,451.7
28.41,74.16,1010.29,72.09,439.2
22.85,60.29,1017.29,61.92,448.58
16.76,48.14,1012.92,65.74,456.31
24.29,63.57,1010.29,87.3,443.28
15.34,40.73,1018.03,86.19,458.55
23.53,72.24,1010.84,94.33,436.69
18.5,47.03,1013.97,93.6,460.08
14.77,44.9,1020.5,84.31,465.23
26.34,59.21,1013.37,58.98,439.22
28.82,71.43,1011.51,58.58,443.68
14.04,40.83,1008.98,82.04,469.75
6.58,40.67,1020.18,71.07,494.84
29.92,69.75,1009.12,67.15,441.5
27.08,63.78,1015.04,50.8,447.24
7.61,38.06,1021.16,83.22,484.14
16.51,51.86,1022.37,81.18,442.48
13.82,41.62,1011.48,77.66,454.88
23.18,51.3,1012.04,78.64,448.86
22.99,61.02,1009.88,81.56,440.85
27.47,70.72,1009.97,74.62,443.25
14.65,44.84,1023.39,87.76,467.18
12.78,44.6,1013.64,77.56,468.67
17.95,59.15,1012.73,84.27,449.14
25.07,60.27,1018.13,70.33,439.52
21.13,47.43,1006.97,64.26,448.83
7.57,37.49,1009.73,83.07,481.98
24.79,67.83,1009.32,61.46,438.36
24.35,51.86,1014.34,67.22,442.81
26.96,65.34,1015.05,46.93,441.81
26.64,69.13,1010.6,79.23,430.41
22.83,65.18,1012.24,79.74,442.43
34.09,68.51,1009.0,32.96,431.19
21.05,61.87,1009.69,62.81,449.05
10.2,41.46,1020.23,84.54,481.46
21.02,61.5,1008.52,77.74,448.08
12.31,41.06,1021.19,74.38,475.76
16.96,46.36,1019.91,89.11,460.57
24.23,58.79,1009.8,75.75,444.01
12.57,39.18,1023.09,77.28,471.87
30.37,76.09,1006.95,65.93,435.01
7.48,38.5,1014.01,77.35,488.43
24.98,71.98,1006.59,90.61,432.06
31.48,69.75,1008.9,45.66,438.19
23.88,54.2,1012.81,64.52,444.97
24.9,71.77,1006.24,85.25,427.77
20.24,56.53,1020.29,77.75,455.25
16.64,53.82,1015.13,68.24,459.01
13.69,44.85,1016.89,79.87,470.78
10.48,41.38,1021.97,65.22,481.41
29.24,69.05,1003.12,43.18,432.56
25.21,46.21,1010.87,59.35,439.55
23.77,51.43,1006.67,84.09,441.54
13.21,40.03,1018.12,82.98,469.75
24.43,72.43,1008.03,85.56,434.71
19.61,45.01,1014.84,64.42,461.97
22.3,74.87,1009.69,86.18,442.78
24.44,47.93,1003.13,67.04,440.53
25.82,57.19,1007.99,62.95,440.8
23.68,59.27,1010.75,83.82,440.44
10.52,41.78,1013.54,71.52,474.58
16.76,45.09,1014.28,57.71,458.67
23.96,51.3,1011.81,71.81,451.11
27.89,73.21,1001.32,85.88,431.59
13.46,44.71,1014.51,50.0,474.6
9.23,37.36,1015.01,67.38,481.08
28.82,64.79,1016.74,56.34,445.1
19.55,39.39,1013.55,57.82,464.36
13.66,40.55,1005.46,96.02,467.7
24.91,69.89,1015.25,82.39,438.29
11.18,39.61,1018.56,68.0,468.75
21.17,58.46,1017.71,83.98,446.66
18.11,52.08,1002.51,100.09,449.99
15.96,41.66,1011.93,55.47,466.39
30.69,69.89,1013.9,42.85,431.01
11.87,41.78,1012.97,64.79,470.84
24.13,73.18,1012.62,91.52,436.22
9.06,40.02,1031.16,82.04,478.01
23.78,60.27,1018.02,78.06,441.56
26.08,76.86,1003.3,79.49,436.85
22.01,60.84,1017.55,83.82,441.9
26.44,59.15,1013.35,60.71,439.65
22.93,51.19,1009.3,82.8,443.57
30.7,69.59,1008.03,66.78,433.4
29.51,76.09,1007.39,71.5,432.45
25.32,63.77,1014.55,74.69,441.5
30.51,70.79,1004.55,56.05,428.79
17.69,44.34,1019.31,61.12,464.13
19.77,56.65,1020.67,66.33,457.09
16.16,25.88,1009.58,72.24,461.86
22.56,47.43,1006.72,54.82,448.65
31.46,66.54,1002.86,53.75,427.76
19.57,68.61,1011.13,96.4,448.73
25.25,62.91,1012.51,62.64,443.14
28.16,70.4,1003.77,83.17,434.01
24.88,73.17,1012.26,84.96,434.85
11.72,40.55,1020.74,86.22,474.7
18.68,52.84,1004.65,88.27,450.19
3.6,35.19,1018.73,99.1,488.98
22.24,60.07,1015.93,62.25,446.14
26.56,52.3,1007.4,62.04,439.25
21.75,45.09,1014.15,44.84,452.84
14.56,40.69,1015.48,73.73,469.31
11.48,37.92,1008.47,70.55,472.9
32.41,67.83,1008.54,55.96,426.85
7.52,41.66,1015.2,78.41,483.28
31.81,66.44,1011.21,53.55,426.84
21.28,44.05,1005.69,83.2,444.56
26.18,68.08,1012.92,55.7,436.51
4.77,39.33,1011.32,68.98,494.91
30.13,68.94,1005.88,40.71,441.78
18.32,42.28,1007.86,45.62,460.27
7.98,40.77,1008.69,98.65,480.72
29.79,62.66,1008.5,48.51,440.27
24.8,68.3,1018.01,80.41,436.17
26.76,70.98,1007.64,90.51,437.83
6.9,39.81,1016.74,88.24,481.88
13.6,39.82,1013.34,86.1,470.69
10.62,39.64,1010.51,68.55,478.37
23.5,50.23,1017.51,75.15,457.51
22.36,58.79,1011.77,87.51,446.49
19.46,66.86,1012.74,66.2,454.89
25.56,58.82,1010.44,70.23,441.0
20.16,57.76,1019.34,72.1,455.13
13.33,39.39,1013.93,84.74,471.23
32.2,69.68,1012.12,42.47,437.35
12.65,44.34,1014.74,92.81,473.46
21.54,69.48,1011.04,80.48,443.15
20.73,59.87,1019.08,80.48,445.18
21.43,63.94,1017.28,57.49,449.02
16.94,49.64,1024.43,69.22,459.25
21.44,63.09,1016.56,90.11,444.19
13.77,42.86,1030.72,77.3,471.38
30.74,73.67,1005.79,57.89,428.92
12.78,41.04,1025.16,85.14,461.61
26.73,77.95,1012.31,78.35,434.76
14.87,54.3,1017.17,71.57,462.87
26.48,51.43,1006.76,74.3,438.1
8.61,41.04,1024.81,95.6,473.62
8.38,39.22,1015.03,75.14,478.82
17.13,43.79,1016.09,58.94,465.3
30.49,64.44,1013.43,51.73,438.09
9.43,41.4,1028.42,84.92,479.28
19.66,45.01,1014.42,60.14,453.45
24.31,67.79,1010.64,76.15,444.72
27.16,65.61,1014.21,47.93,441.33
16.43,41.79,1005.47,76.89,455.85
10.17,41.46,1020.01,84.86,482.36
17.96,47.83,1005.0,85.72,454.59
17.07,41.35,1005.88,83.43,464.6
34.3,74.67,1015.98,25.89,427.84
25.99,63.07,1012.5,64.81,442.16
12.3,40.69,1015.74,82.58,474.46
15.66,41.35,1001.68,86.26,463.57
11.84,40.05,1014.54,86.78,473.82
26.43,75.33,1004.09,86.48,431.79
31.12,68.94,1006.05,68.46,431.92
22.78,62.44,1011.79,75.43,446.12
11.87,44.6,1018.81,84.68,468.47
30.96,64.44,1013.63,49.64,437.61
20.83,44.78,1008.51,35.9,460.6
13.41,39.35,1015.1,79.32,471.85
21.46,51.61,1010.91,76.41,457.28
14.0,40.8,1026.17,54.82,474.87
18.8,44.78,1009.65,46.0,462.79
10.46,41.06,1021.41,82.34,481.47
22.97,72.24,1011.15,95.85,437.41
29.19,67.51,1011.48,55.55,446.97
28.66,74.93,1014.04,51.26,440.79
13.36,39.64,1010.3,93.26,471.89
10.55,41.92,1030.0,91.23,470.95
15.99,39.63,1006.09,89.92,464.95
26.24,51.43,1011.32,59.52,447.91
23.25,72.99,1009.17,89.85,438.51
12.28,40.92,1023.23,89.14,460.33
13.7,34.03,1018.82,69.07,470.2
28.44,74.93,1013.88,52.0,441.52
14.66,40.89,1009.72,91.56,465.73
25.31,61.5,1009.31,63.31,437.03
12.05,49.83,1008.54,95.11,454.18
16.15,44.21,1020.76,85.41,462.02
34.51,73.03,1013.73,39.42,439.8
14.04,40.2,1013.29,89.54,465.25
24.31,58.62,1017.29,64.44,449.12
8.42,40.64,1022.35,96.38,476.29
7.45,39.61,1017.88,79.73,478.89
8.14,39.96,1023.41,88.86,477.05
17.9,48.98,1014.17,80.4,453.02
21.01,60.1,1010.93,78.6,450.99
22.35,65.61,1016.27,73.93,448.41
13.44,37.85,1009.78,99.13,469.89
29.58,66.51,1015.57,32.95,435.47
18.5,46.93,1015.0,66.81,455.63
14.2,40.92,1022.26,71.71,460.42
23.62,49.21,1014.1,49.54,443.53
18.81,52.08,1004.43,99.6,450.87
29.23,75.6,1017.72,52.26,438.92
9.87,40.81,1017.17,84.25,473.2
13.8,39.39,1013.85,81.95,471.7
19.32,52.84,1004.29,83.51,450.88
20.57,63.78,1016.76,74.0,449.93
10.63,39.61,1020.0,72.42,476.99
22.29,61.27,1019.05,58.23,449.81
17.57,44.06,1015.43,72.75,459.73
18.98,60.1,1010.09,85.34,453.37
27.44,66.56,1005.51,69.28,428.0
28.0,69.05,1000.82,65.24,427.71
7.64,40.81,1026.67,95.24,483.38
24.94,67.69,1008.86,68.97,439.08
7.9,43.79,1016.14,83.05,485.26
9.55,40.72,1023.12,68.06,481.08
8.26,39.42,1025.89,70.53,474.72
25.96,60.95,1014.52,50.03,444.19
6.91,36.08,1021.82,84.31,486.37
31.67,69.89,1013.88,39.33,426.35
30.27,70.32,1007.93,51.61,430.22
22.66,63.73,1013.24,83.95,444.41
13.74,43.71,1025.45,86.62,465.24
26.98,43.77,1010.95,40.8,446.05
21.87,49.39,1019.99,67.05,451.97
23.56,51.86,1014.04,73.9,448.04
31.41,74.16,1008.65,68.5,430.37
16.37,43.5,1021.26,72.4,459.18
14.54,41.16,1000.0,81.34,463.9
23.36,73.18,1011.96,89.15,435.85
29.86,69.34,1009.61,61.27,438.5
31.63,68.3,1014.8,42.02,426.86
11.2,37.5,1013.81,72.81,472.2
25.34,64.27,1013.38,66.02,443.94
21.74,70.32,1011.88,85.95,439.19
24.2,57.85,1013.05,70.29,446.87
14.6,44.84,1023.58,88.21,464.88
14.48,40.83,1009.42,81.74,469.64
23.62,45.87,1007.75,58.69,445.55
17.85,45.64,1020.11,82.94,459.59
21.81,65.06,1014.6,66.41,447.13
13.01,41.17,1017.26,76.2,469.48
12.57,39.3,1019.57,72.44,473.67
28.33,68.14,1004.63,71.21,431.27
25.37,44.89,1009.27,63.06,442.38
16.34,36.99,1006.99,90.06,466.24
20.79,65.59,1014.9,77.0,450.3
8.01,41.66,1014.49,76.72,485.13
10.9,40.67,1016.66,65.09,482.4
16.63,53.82,1015.18,66.09,458.29
27.23,44.05,1005.69,58.91,440.2
29.45,75.6,1018.12,50.68,437.31
30.61,67.69,1004.97,47.46,429.8
9.08,36.71,1025.07,81.32,479.02
11.58,41.74,1020.41,74.09,478.06
14.84,41.23,995.02,88.0,464.85
22.71,48.06,1012.82,67.81,445.1
22.95,70.98,1005.36,93.76,438.83
27.64,75.6,1017.35,54.78,441.04
9.43,41.4,1028.03,84.98,474.16
11.06,41.16,1018.52,89.14,467.46
22.1,58.33,1013.71,69.09,441.31
13.83,44.45,1021.5,68.75,462.6
18.86,50.78,1008.46,91.67,446.7
18.02,49.78,1003.86,100.09,451.41
23.64,71.25,1004.92,93.87,442.26
28.87,72.58,1008.69,79.34,428.89
24.05,67.83,1009.35,63.8,442.53
25.91,67.07,1005.66,60.12,441.74
20.46,51.43,1010.06,83.79,456.7
26.68,63.73,1009.7,71.55,439.69
28.19,67.45,1013.97,49.76,434.77
25.44,61.25,1012.57,87.65,441.77
18.4,50.16,1011.51,98.07,453.78
8.27,37.7,1015.09,73.64,479.16
12.99,41.93,1020.25,74.64,472.95
22.7,64.05,1012.65,89.69,448.76
4.11,38.44,1015.9,81.79,488.05
26.33,61.41,1011.9,52.1,452.79
27.24,66.75,1017.78,69.6,433.65
19.09,39.39,1013.36,59.14,466.13
8.49,43.69,1016.93,85.63,483.62
19.6,60.95,1015.4,84.26,456.06
19.44,48.7,1008.66,94.71,444.9
26.12,63.94,1017.97,44.81,441.46
6.99,39.37,1020.19,75.06,487.18
15.07,39.3,1019.0,63.62,464.7
20.06,56.53,1020.38,75.16,455.99
26.99,62.26,1011.13,71.27,436.89
29.79,67.69,1006.86,55.93,428.71
27.4,77.24,1007.65,78.13,435.74
32.25,77.54,1010.46,54.57,430.86
27.52,69.68,1011.67,56.94,444.83
25.24,63.47,1011.3,66.21,442.75
25.68,70.17,1001.38,85.89,433.92
20.19,62.26,1011.37,89.69,443.58
13.72,45.01,1014.07,77.0,464.59
31.03,69.98,1011.33,52.16,436.13
13.38,40.89,1010.48,92.55,472.15
12.31,44.78,1011.15,77.34,468.29
26.7,66.56,1005.31,71.97,430.21
11.9,39.16,1016.53,84.59,477.75
5.18,41.31,1000.59,92.14,485.2
16.8,56.03,1020.65,85.26,461.96
15.52,40.0,1017.0,66.27,454.14
22.6,69.84,1006.37,79.59,435.13
12.68,41.16,1020.09,83.32,464.93
29.11,74.78,1009.6,56.93,438.75
19.65,62.1,1019.46,77.82,449.13
20.36,57.5,1014.36,82.96,452.28
28.64,69.23,1013.11,37.13,434.4
6.24,35.77,1019.24,70.7,483.36
28.8,71.58,1010.51,59.87,434.82
29.56,73.88,1005.77,66.45,436.6
21.79,58.2,1017.21,66.74,446.94
25.12,66.56,1009.22,65.62,436.56
13.08,42.32,1016.63,83.72,462.41
18.36,51.43,1010.57,90.17,459.8
33.76,68.51,1011.33,38.35,429.83
11.11,40.55,1023.91,87.12,476.37
31.63,69.59,1008.66,61.81,436.89
24.11,66.51,1015.35,56.01,437.21
12.03,40.1,1015.32,85.39,474.94
21.44,50.78,1008.87,87.56,443.3
21.5,59.87,1019.05,76.56,444.05
29.97,69.14,1007.92,66.74,433.82
7.55,39.22,1014.53,77.76,482.19
25.44,66.54,1011.9,56.76,437.99
21.89,58.05,1011.31,85.71,441.76
11.15,40.64,1020.65,97.95,477.79
31.54,77.24,1008.23,70.19,431.27
11.57,41.38,1021.71,61.49,473.94
24.19,46.93,1013.4,49.39,446.3
13.53,38.73,1004.86,85.38,472.46
16.85,50.9,1013.26,83.94,460.68
18.39,67.71,1003.77,92.48,444.63
32.63,73.88,1005.64,52.56,435.75
17.37,40.55,1001.19,71.42,460.97
15.84,41.04,1025.64,63.43,456.21
7.93,42.28,1008.43,85.57,484.75
26.14,72.99,1007.49,81.72,433.25
9.71,42.44,1014.29,94.03,481.03
29.0,70.72,1009.51,67.72,437.55
13.21,43.71,1024.5,86.59,466.39
17.03,58.49,1011.91,92.16,460.48
20.54,49.15,1021.02,56.0,458.6
23.74,72.43,1007.99,91.36,437.55
26.05,73.88,1005.67,82.08,439.96
25.45,70.04,1011.2,82.48,430.2
12.77,40.71,1014.66,72.81,471.59
23.93,68.28,1005.16,69.91,444.95
31.95,70.79,1003.8,55.25,426.37
14.51,53.82,1016.46,62.75,463.17
19.7,54.42,1011.83,89.86,450.48
12.53,44.03,1007.21,84.2,470.04
28.39,65.51,1014.52,66.48,438.78
26.31,52.09,1013.39,53.59,447.04
18.41,44.89,1009.75,77.24,448.88
24.69,71.73,1010.13,70.54,436.78
9.64,39.85,1012.9,83.82,478.37
27.57,70.36,1007.18,71.1,441.86
12.11,38.28,1013.56,93.21,469.93
11.26,40.43,1025.68,74.67,489.66
10.75,40.81,1015.93,79.27,474.71
21.24,63.47,1011.86,97.02,442.94
16.36,43.99,1021.34,85.13,465.81
31.91,67.83,1008.76,53.22,425.28
21.98,55.97,1009.12,89.51,442.65
23.97,64.33,1010.54,84.65,443.87
26.49,67.69,1004.61,78.13,430.62
21.14,58.05,1012.98,87.27,449.74
18.94,48.7,1007.82,92.88,453.36
16.57,53.82,1015.17,63.69,462.52
32.16,66.25,1008.17,56.88,434.5
6.41,40.81,1026.57,93.51,484.49
13.48,41.92,1030.2,65.96,463.9
29.28,65.71,1013.76,48.05,445.49
11.82,41.26,1020.74,91.14,466.95
28.28,68.67,1006.36,69.9,435.29
24.4,60.32,1016.5,70.96,447.73
15.62,40.89,1007.01,79.21,466.15
20.1,57.17,1011.96,87.68,452.67
25.54,70.47,1009.28,73.5,436.16
21.16,50.66,1014.13,72.77,455.86
16.0,39.16,1016.37,77.63,468.49
8.36,40.22,1011.6,89.18,484.66
21.14,67.71,1006.38,56.78,445.12
15.57,44.68,1022.01,90.02,460.91
14.4,41.26,1021.41,73.11,462.78
33.43,66.44,1010.29,53.45,433.01
11.44,41.39,1019.59,79.95,478.52
10.57,41.55,1003.62,67.89,475.6
27.66,59.21,1013.12,51.58,438.57
9.84,36.66,1026.7,70.02,477.62
23.09,70.47,1010.76,79.89,439.36
26.75,43.21,1012.29,87.28,430.45
26.96,62.39,1008.14,73.95,437.41
11.47,43.67,1012.68,72.51,475.72
13.98,54.3,1015.58,74.91,466.52
11.57,39.72,1002.26,78.69,474.72
12.88,42.74,1026.25,74.54,470.89
7.4,41.04,1024.44,90.9,477.69
22.61,42.8,1014.24,69.71,460.26
25.65,69.23,1012.55,62.02,435.25
22.58,41.54,1013.21,71.33,460.95
29.86,69.34,1007.76,54.12,433.57
22.89,73.11,1006.66,73.11,440.15
30.62,64.69,1006.23,52.06,435.84
23.04,74.99,1005.44,92.86,437.65
15.0,41.17,1015.57,64.82,468.72
21.99,71.85,1009.5,74.77,441.1
12.24,40.96,1023.52,81.09,474.76
4.81,42.85,1013.96,86.94,479.8
26.66,73.56,1006.9,99.27,433.62
20.3,56.53,1020.27,76.49,454.12
25.4,69.59,1008.58,82.22,432.58
13.4,41.58,1020.5,71.17,461.54
25.14,60.29,1017.91,53.3,444.5
9.6,41.82,1032.93,72.63,475.01
10.03,43.72,1011.46,96.89,473.26
31.94,74.99,1002.05,34.12,440.17
32.98,71.32,1003.67,49.78,433.56
11.06,37.92,1008.76,67.32,473.16
19.64,56.65,1020.79,73.88,456.03
27.58,71.97,1008.51,87.99,430.53
10.05,37.14,1012.64,75.97,474.16
29.26,67.17,1006.6,70.58,436.42
29.01,65.71,1013.61,48.07,446.22
21.18,70.02,1010.27,96.46,442.51
12.24,40.96,1023.22,78.74,475.32
17.97,65.94,1012.92,88.22,448.88
15.03,42.44,1014.25,94.52,464.91
23.87,63.94,1019.02,44.28,445.11
10.98,37.5,1011.12,97.51,472.34
24.38,58.2,1016.93,51.61,444.36
22.62,51.3,1012.36,81.02,448.27
19.05,44.06,1017.02,73.76,454.28
15.67,38.62,1015.76,66.29,463.17
25.78,47.93,1003.67,67.23,442.46
20.57,44.78,1008.89,38.78,465.69
25.61,52.36,1014.1,62.9,451.42
25.48,60.29,1017.55,51.22,443.77
25.08,58.49,1011.1,64.47,446.9
17.17,44.68,1018.72,83.58,462.53
16.81,45.87,1008.7,98.0,455.96
19.46,60.07,1014.81,66.61,451.89
19.95,57.25,1011.08,88.04,453.03
30.9,69.4,1003.53,66.69,425.3
29.27,66.85,1011.11,63.25,440.98
6.49,38.68,1017.94,64.81,485.95
5.89,35.77,1019.78,79.58,479.86
28.11,77.95,1009.38,72.81,432.98
23.21,63.94,1013.56,80.23,446.11
15.92,37.64,1014.93,83.73,464.14
15.82,44.2,1018.96,66.73,460.2
10.51,37.5,1010.7,96.29,474.24
21.39,63.9,1013.44,70.95,449.38
7.3,43.65,1019.33,67.62,482.96
16.52,43.7,1015.08,58.36,466.73
14.89,35.71,1015.1,55.11,469.37
30.28,79.74,1006.96,70.21,433.45
8.22,41.82,1032.77,71.63,477.86
24.75,52.84,1005.47,69.61,442.6
24.31,44.05,1006.16,73.3,442.69
25.24,68.28,1000.26,78.17,435.9
17.79,43.52,1020.65,68.29,458.57
30.15,67.32,1013.83,32.8,436.92
12.07,40.81,1025.63,68.02,475.96
20.28,57.25,1010.12,88.42,452.03
24.69,59.92,1010.12,80.58,436.33
19.67,59.39,1014.07,77.67,447.61
5.0,40.64,1021.05,94.84,485.27
13.65,39.28,1012.97,79.64,471.91
27.34,71.29,1008.32,56.51,434.94
16.7,46.18,1011.2,96.84,456.2
25.96,68.08,1011.34,71.57,432.82
17.46,40.22,1006.7,91.96,461.74
28.19,68.08,1013.41,43.93,436.43
32.14,68.31,1010.48,42.15,436.15
21.93,61.45,1008.92,98.54,443.91
12.36,41.74,1020.58,69.24,477.16
14.38,44.84,1024.59,81.68,471.6
23.33,58.95,1017.93,66.37,442.71
15.0,40.66,1016.28,89.62,456.63
23.46,47.01,1014.41,69.19,457.76
26.49,71.73,1010.07,74.48,431.06
19.15,56.53,1019.95,84.1,456.4
12.88,44.34,1016.03,88.51,474.94
6.38,40.07,1018.53,60.2,492.96
14.23,46.18,1017.39,87.29,463.86
7.5,38.06,1021.96,83.45,485.98
26.63,61.47,1008.18,69.0,444.16
27.75,66.54,1010.21,46.37,437.58
23.47,51.3,1011.89,74.1,448.65
7.69,39.96,1023.9,89.18,478.05
7.71,36.25,1027.92,89.84,481.74
15.25,52.9,1014.86,76.87,463.93
20.07,42.23,1012.86,74.11,461.25
30.76,69.14,1007.63,71.24,431.67
30.93,61.5,1009.81,41.46,437.35
10.24,41.17,1019.73,82.04,479.78
12.87,45.51,1015.3,86.67,475.77
20.9,67.07,1005.43,82.85,443.46
30.76,73.17,1009.89,50.43,430.98
27.09,73.5,1011.34,76.06,434.31
9.06,39.3,1019.73,84.23,480.41
10.78,41.93,1015.56,95.71,478.88
24.39,63.77,1013.3,77.53,443.65
6.71,39.37,1020.28,71.15,487.05
24.58,48.98,1014.96,38.75,459.79
10.48,36.71,1023.18,81.37,473.3
25.42,75.6,1017.39,77.63,438.24
18.91,45.01,1012.9,59.81,456.12
20.08,58.79,1017.32,81.59,451.21
23.6,57.17,1009.84,74.27,446.05
18.93,44.06,1017.58,68.23,454.75
9.59,38.56,1017.01,60.1,481.3
8.47,41.26,1020.57,91.28,477.14
18.63,61.27,1019.69,73.67,454.03
5.89,39.48,1005.11,59.83,484.91
20.4,57.85,1011.14,92.47,450.07
5.47,38.68,1017.33,72.71,485.7
28.07,70.32,1007.17,67.02,430.29
27.02,72.58,1009.21,89.13,437.8
14.41,43.13,1016.32,59.55,467.46
26.54,69.48,1010.7,66.09,432.56
14.34,42.86,1031.75,66.81,466.17
16.43,48.06,1010.73,61.26,459.63
23.55,62.96,1020.16,70.16,447.65
27.41,59.21,1013.3,50.93,438.39
30.22,74.9,1003.57,67.15,434.17
24.49,65.61,1014.71,63.47,447.26
13.78,43.22,1011.31,69.7,463.71
21.36,59.54,1007.99,92.62,446.09
18.32,65.94,1012.74,86.77,450.5
23.61,49.16,1002.39,65.63,443.5
20.61,44.63,1008.54,77.54,456.68
24.04,51.95,1006.13,73.92,450.07
25.39,58.79,1015.85,62.59,441.51
30.62,66.54,1004.11,55.36,429.01
19.21,60.07,1014.94,70.02,452.84
29.5,71.14,1011.27,52.81,430.85
21.85,58.33,1013.03,66.39,447.31
28.15,72.99,1007.62,70.03,431.83
12.87,39.3,1019.26,71.55,471.48
25.22,71.85,1009.78,68.96,438.71
23.83,50.32,1008.41,72.23,445.17
9.51,40.81,1015.69,82.52,475.29
24.54,60.23,1011.55,72.78,445.25
10.52,42.18,1014.9,95.67,469.03
14.77,41.39,1018.95,65.61,470.21
7.79,41.16,1023.17,97.11,471.82
12.32,41.62,1012.88,88.88,464.72
23.62,56.85,1011.11,64.44,442.96
5.21,41.31,1003.51,91.23,486.46
13.86,41.58,1020.69,70.74,461.56
9.14,40.6,1015.34,88.91,483.57
12.24,40.66,1017.4,96.22,464.7
21.71,60.27,1015.74,89.76,441.19
17.36,52.9,1015.42,69.97,458.66
18.91,56.9,1006.98,84.07,448.24
20.54,68.12,1012.23,81.06,440.28
27.67,71.64,1004.41,78.14,433.29
23.58,70.04,1010.95,76.32,435.47
9.84,40.72,1022.21,77.79,477.52
25.54,61.08,1013.14,71.15,447.06
23.63,60.93,1006.41,83.06,439.9
26.43,58.41,1013.57,64.67,444.74
28.18,73.88,1005.89,75.41,434.48
23.41,54.42,1012.86,70.12,454.68
12.21,41.67,1012.88,85.19,475.07
11.02,41.26,1020.69,92.13,471.93
5.3,35.19,1019.33,93.86,484.42
25.72,47.45,1007.74,58.35,442.78
10.11,44.85,1014.2,84.81,478.71
23.45,69.05,1003.03,66.41,440.24
17.7,50.88,1015.44,89.57,456.78
21.86,60.27,1016.06,90.48,446.31
23.39,64.63,1020.45,58.22,449.27
14.12,39.4,1008.02,76.45,468.63
25.21,50.23,1016.0,56.58,454.64
13.69,43.22,1009.94,74.64,466.72
25.82,61.08,1013.64,66.4,448.46
17.29,42.86,1014.38,72.3,464.27
25.17,72.39,1001.69,90.51,432.45
13.72,41.62,1011.14,75.79,455.52
14.86,44.85,1016.19,67.43,468.87
14.51,41.79,1009.72,80.62,459.14
14.93,43.02,1012.11,45.56,468.19
30.78,73.67,1005.97,58.7,427.15
16.02,39.54,1007.73,72.81,466.15
15.37,43.67,1011.9,91.48,468.23
18.35,62.1,1019.97,78.36,455.29
12.52,41.44,1016.08,68.94,477.18
30.35,69.51,1009.95,39.24,430.07
23.81,57.5,1015.53,70.66,448.72
27.37,76.2,1006.03,67.07,435.64
23.38,59.07,1009.29,92.4,442.83
17.94,37.2,1012.64,68.11,467.65
9.75,43.69,1016.81,82.42,481.34
12.25,44.85,1014.13,85.25,470.92
18.81,52.08,1005.77,98.86,450.72
8.42,37.49,1009.22,82.15,478.87
26.12,75.6,1017.41,72.31,439.68
15.54,41.96,1011.78,97.46,467.1
20.19,66.86,1012.97,64.7,454.84
14.97,58.2,1019.52,81.13,458.68
25.06,64.63,1020.66,54.93,446.57
26.57,48.06,1013.23,40.24,439.54
13.83,41.23,993.31,93.94,466.2
23.42,73.17,1012.07,88.39,438.22
22.04,58.05,1013.11,85.22,447.28
10.23,43.72,1011.18,97.93,471.61
10.17,40.46,1018.54,68.21,470.33
25.37,68.31,1011.12,70.99,441.76
22.07,70.72,1010.52,82.96,442.88
16.02,44.21,1020.97,85.64,462.51
13.6,42.86,1013.37,87.52,472.27
12.7,39.72,1017.89,62.97,467.77
21.94,50.32,1008.44,86.98,444.89
14.79,44.06,1018.53,74.79,465.77
13.51,39.31,1012.18,75.19,466.46
22.91,66.44,1011.23,63.43,444.48
12.31,40.64,1020.71,94.6,475.65
10.66,37.5,1009.42,95.86,472.86
20.33,57.76,1016.47,75.35,450.25
18.6,41.67,1013.07,64.23,458.91
7.89,71.14,1018.4,86.49,474.66
15.62,38.28,1014.5,77.01,465.7
13.34,40.8,1026.56,64.85,474.47
26.94,66.48,1005.46,60.62,440.12
11.19,40.64,1020.57,84.49,472.86
13.45,43.14,1015.5,74.33,474.1
11.46,44.85,1014.3,63.24,475.33
5.72,39.33,1009.96,95.4,490.76
13.79,45.08,1023.3,83.59,465.69
20.74,58.12,1015.43,77.88,449.91
14.73,40.35,1011.15,65.2,470.03
12.26,43.48,1016.41,72.95,467.83
28.81,69.23,1013.14,39.18,433.74
16.7,40.56,1019.04,50.9,470.84
18.03,53.16,1013.1,81.42,457.73
21.96,58.79,1012.1,88.74,447.31
23.54,65.27,1013.78,64.28,445.19
5.64,40.62,1015.76,85.98,483.17
28.24,71.58,1010.1,67.92,434.01
13.17,38.52,1018.5,83.77,468.82
21.12,63.56,1014.16,81.42,445.9
24.37,73.42,1010.19,76.01,440.29
18.41,62.1,1020.4,78.1,457.14
20.25,59.8,1015.3,82.69,453.81
5.74,40.62,1016.31,84.91,481.15
27.39,67.07,1006.17,58.2,441.45
26.07,69.23,1013.32,54.03,436.94
26.9,69.59,1008.9,85.08,434.1
9.34,40.77,1012.14,90.81,477.36
14.05,39.59,1011.2,94.54,464.63
32.21,68.3,1014.94,49.38,429.66
19.78,44.71,1015.7,29.43,465.49
23.7,70.32,1007.21,66.85,439.59
5.11,39.4,1012.16,92.14,488.56
25.53,59.57,1010.65,82.04,445.59
18.33,52.08,1001.78,100.09,448.23
9.29,39.04,1022.72,74.29,482.55
11.48,41.14,1027.67,90.5,464.07
12.1,44.77,1019.1,75.85,463.11
21.53,70.02,1010.33,95.95,440.93
19.62,58.79,1017.59,87.39,446.29
32.55,70.94,1006.75,43.15,432.07
18.9,60.07,1016.02,71.38,451.5
28.13,61.25,1013.12,62.57,436.61
16.36,53.82,1015.05,71.95,461.62
6.37,40.81,1025.98,91.0,489.18
20.37,60.08,1017.44,76.33,454.47
9.25,41.26,1020.51,91.21,473.87
25.89,48.41,1008.59,65.38,442.12
29.28,77.17,1009.4,76.3,433.14
22.28,60.27,1018.98,84.12,443.44
12.14,40.83,1010.56,78.31,474.82
16.44,53.82,1015.4,63.16,462.09
12.57,43.8,1023.2,56.85,466.68
24.71,60.77,1016.67,69.7,443.52
20.51,68.08,1012.73,78.05,445.96
24.28,71.98,1006.34,90.45,432.47
29.01,70.32,1007.26,60.55,429.23
21.99,57.5,1015.87,80.72,446.96
32.72,69.75,1009.6,49.35,437.99
17.54,58.49,1012.35,91.56,453.02
13.94,44.84,1023.69,95.3,468.06
15.15,41.35,1006.3,86.16,468.64
29.25,66.51,1015.53,33.65,441.7
20.24,56.65,1020.72,62.9,455.49
23.04,59.43,1010.23,68.99,442.99
24.97,63.86,1018.64,52.01,441.61
13.83,40.78,1024.85,73.08,458.85
12.62,40.92,1021.85,81.41,465.68
25.01,59.54,1007.91,80.93,441.3
19.11,44.85,1014.76,45.86,464.66
17.7,48.98,1015.79,83.18,454.41
32.37,67.83,1008.32,57.39,426.76
20.97,61.87,1011.45,65.41,446.76
25.11,63.21,1012.21,83.58,443.43
26.91,70.02,1010.75,59.48,445.31
10.41,44.68,1023.53,91.38,474.7
21.76,60.27,1018.96,85.06,446.86
17.46,62.1,1019.96,83.99,451.06
22.47,59.43,1006.02,85.21,444.5
10.32,41.01,1021.04,95.3,467.81
6.4,41.17,1019.54,85.37,488.82
18.23,58.96,1015.55,69.61,459.12
17.78,50.66,1015.09,91.9,456.11
15.04,41.35,1004.29,99.1,467.96
16.74,39.16,1005.68,71.17,460.47
20.89,68.63,1012.6,69.52,452.05
6.48,40.27,1010.55,82.12,486.68
16.99,40.89,1011.54,64.51,464.95
13.52,41.44,1015.81,65.97,472.11
25.21,51.43,1006.43,78.55,439.01
24.71,61.9,1013.78,85.82,443.39
30.24,66.75,1017.95,55.66,435.02
14.97,42.28,1007.31,79.25,466.62
28.51,76.09,1007.88,78.2,438.28
14.77,39.16,1016.12,81.88,470.39
16.74,38.01,1022.63,69.19,463.61
5.86,40.62,1017.03,85.06,480.71
20.92,49.15,1021.15,49.76,455.32
14.8,44.21,1021.59,89.24,466.21
11.52,40.8,1024.31,73.49,479.56
28.73,73.91,1004.91,70.17,436.12
17.7,49.78,1005.19,100.09,451.24
21.85,63.86,1020.16,68.84,445.62
16.69,40.56,1019.92,51.43,469.9
21.04,74.87,1009.09,88.25,443.44
23.19,48.6,1002.38,61.19,445.52
25.92,50.16,1003.95,71.3,440.98
30.57,73.03,1013.75,73.68,437.42
12.59,39.18,1024.18,67.57,471.32
7.25,41.14,1024.99,95.85,477.45
20.52,57.76,1017.03,81.19,453.64
33.37,73.88,1005.8,47.94,436.76
21.54,66.54,1004.99,92.87,440.8
24.91,58.69,1008.22,82.81,435.96
26.35,64.05,1009.81,81.24,433.63
23.15,58.79,1011.11,82.49,447.71
20.6,59.15,1013.32,91.07,443.76
6.86,41.38,1021.35,90.78,487.49
23.51,58.79,1016.44,65.38,445.75
24.62,58.66,1011.43,56.61,449.8
9.08,42.49,1010.67,85.35,481.46
8.6,42.28,1008.58,80.15,484.21
20.06,47.03,1013.66,83.23,461.02
16.36,39.99,1008.91,72.48,462.5
7.09,43.13,1017.91,92.37,485.04
14.37,40.56,1021.67,68.18,470.19
26.43,66.48,1004.36,55.9,435.59
13.18,40.24,1016.81,86.71,469.35
14.81,42.03,1017.43,72.54,470.41
13.65,42.86,1015.41,87.67,471.75
21.18,60.1,1011.02,78.19,452.39
21.52,46.21,1010.62,67.62,449.08
29.59,74.78,1009.45,55.75,436.77
14.01,39.0,1016.73,79.23,466.7
24.19,47.45,1008.26,64.25,446.3
21.86,58.49,1010.88,76.79,449.9
10.9,41.46,1016.66,86.2,479.45
27.38,69.4,1004.57,74.12,434.47
35.2,73.56,1006.56,45.72,434.37
23.62,61.87,1010.07,48.77,447.93
27.6,73.42,1011.91,83.66,431.44
10.61,41.58,1021.08,93.06,465.15
17.44,44.88,1018.05,68.35,465.72
20.15,65.59,1014.62,79.39,449.84
24.27,57.85,1012.81,63.48,445.1
30.75,73.88,1005.62,57.95,436.97
6.58,40.07,1014.22,55.44,493.72
16.58,44.68,1021.5,83.38,458.87
21.71,65.27,1013.24,63.58,444.91
18.16,43.96,1012.78,78.33,465.26
27.58,73.06,1009.63,88.31,438.1
27.46,67.69,1004.7,70.15,432.64
32.34,74.99,1002.77,42.83,433.07
14.44,42.32,1015.61,76.85,462.13
26.29,68.24,1010.71,76.95,429.71
19.64,44.6,1015.88,47.56,467.53
20.35,50.9,1012.6,72.43,453.5
17.06,52.9,1019.76,80.9,460.82
27.22,66.48,1004.59,52.66,436.06
26.92,78.92,1011.65,96.22,434.64
33.75,64.96,1002.54,39.28,432.62
21.73,61.45,1010.27,91.59,442.78
31.33,76.86,997.85,64.43,431.44
21.86,49.21,1014.61,53.31,452.77
14.74,44.47,1028.29,67.87,462.92
21.47,65.61,1015.92,76.22,447.42
9.31,43.56,1015.09,79.96,482.55
28.45,69.23,1013.07,39.46,436.96
24.27,74.99,1007.73,82.49,438.26
25.11,67.32,1014.49,58.39,441.93
17.27,44.9,1007.85,78.8,454.19
22.38,49.3,1003.56,83.83,441.0
29.25,69.98,1010.74,57.42,430.45
21.81,60.27,1015.93,91.38,441.85
30.05,69.34,1008.26,61.5,436.82
14.57,37.86,1022.44,68.82,463.58
29.29,73.18,1012.4,66.65,430.31
24.74,63.87,1016.91,55.65,447.02
22.41,70.98,1005.67,95.03,441.51
22.42,60.08,1017.71,67.46,452.31
10.74,40.92,1021.74,94.97,466.77
23.63,58.98,1010.99,81.16,444.43
10.02,52.75,1021.93,73.68,473.09
22.95,67.79,1009.89,91.69,442.19
24.67,58.05,1011.31,69.95,444.57
14.93,39.16,1007.25,72.35,463.2
25.97,69.34,1009.43,88.11,435.02
16.69,46.18,1011.0,97.85,458.57
30.88,67.83,1008.97,54.99,425.36
9.98,41.54,1019.7,80.79,480.26
19.95,50.59,1016.11,73.23,459.27
19.27,50.12,1007.61,100.11,447.63
24.8,59.87,1018.79,60.79,441.0
23.57,61.47,1009.27,84.17,435.82
13.31,42.18,1016.0,83.94,466.56
21.11,58.12,1015.38,77.78,453.28
15.63,43.02,1012.57,40.32,466.69
26.49,61.86,1012.55,74.24,440.21
21.32,45.01,1012.23,59.94,452.75
10.61,43.79,1016.03,76.33,480.28
27.37,63.31,1012.89,60.11,439.15
30.52,70.4,1003.9,64.33,438.29
22.49,71.29,1008.24,75.8,442.58
14.82,44.58,1020.13,74.88,473.17
23.32,69.23,1011.75,75.59,436.18
24.99,51.43,1006.95,79.63,441.45
12.07,41.17,1013.54,71.32,479.28
28.14,43.21,1011.82,69.32,436.53
24.8,72.24,1011.58,83.61,435.25
23.74,49.21,1012.78,42.5,447.67
15.87,39.31,1009.95,66.78,460.59
15.64,43.71,1024.51,78.31,462.55
18.97,44.85,1014.86,46.31,466.17
11.1,44.85,1014.27,65.08,477.03
32.31,68.94,1006.11,71.78,431.14
7.54,37.7,1014.58,78.43,481.56
5.76,45.87,1010.83,95.79,481.4
26.38,44.89,1009.14,51.79,442.13
26.82,60.96,1012.25,57.41,449.81
20.87,63.31,1012.27,79.51,446.7
29.82,43.21,1011.52,63.54,433.31
28.5,73.77,1002.82,86.38,431.7
7.92,36.08,1021.01,81.84,482.98
8.31,40.46,1020.07,78.18,476.72
9.2,40.03,1017.05,92.46,480.38
19.2,58.71,1009.8,84.62,448.17
18.03,53.16,1013.02,81.95,456.55
6.67,39.37,1020.31,73.56,488.13
11.77,40.0,1021.08,85.08,475.49
25.12,71.58,1010.18,87.5,433.58
26.09,60.23,1010.74,60.88,445.88
13.93,39.64,1011.8,82.64,470.84
23.2,61.02,1009.63,79.45,443.23
28.18,66.56,1005.69,65.67,426.79
14.36,40.0,1016.16,68.79,460.42
16.18,43.99,1021.97,80.96,460.81
16.98,43.7,1015.07,53.51,464.01
28.8,71.77,1006.41,66.03,426.87
9.86,42.49,1009.16,81.41,477.78
25.23,69.34,1009.51,82.87,445.92
10.36,43.67,1012.16,77.04,478.27
10.03,42.02,998.6,99.9,471.07
13.69,41.74,1021.19,60.86,471.84
26.65,66.48,1005.7,65.09,436.65
20.02,58.66,1011.5,76.74,454.21
4.16,35.47,1017.72,88.49,486.7
17.83,43.72,1008.64,78.72,453.86
11.76,39.28,1016.9,91.06,478.07
23.08,64.44,1014.85,69.95,448.61
17.86,50.88,1015.59,88.28,457.33
28.81,56.86,1005.82,56.86,434.08
19.8,49.15,1020.88,61.88,461.78
17.22,36.71,1013.77,67.92,465.32
29.77,67.07,1005.82,48.38,433.89
8.99,39.04,1021.99,75.98,483.35
27.5,65.59,1011.23,65.37,441.27
23.55,51.95,1006.0,76.46,449.54
23.25,59.87,1018.69,66.4,444.23
14.95,42.74,1027.66,66.71,464.31
24.55,58.86,1015.22,60.53,445.8
25.18,47.93,1002.92,60.33,441.29
24.19,58.95,1017.78,58.78,441.91
13.46,41.4,1019.46,71.73,467.4
10.06,37.83,1005.49,99.46,473.51
25.61,47.43,1008.62,54.51,442.96
23.27,65.48,1019.05,61.36,443.43
11.06,41.5,1013.09,89.8,476.24
27.05,67.79,1010.99,71.37,443.89
27.23,63.9,1014.3,47.19,443.61
22.3,50.78,1008.85,81.27,449.86
25.24,68.67,1006.76,76.95,442.29
32.49,74.99,1002.19,34.58,435.43
8.14,36.24,1013.15,87.85,480.25
16.14,54.3,1017.93,65.68,460.73
29.5,72.86,1004.63,52.17,439.43
20.0,63.31,1017.06,63.1,449.68
26.16,59.87,1013.24,71.92,446.73
17.68,40.89,1011.24,61.37,462.08
18.89,43.56,1012.79,38.63,463.91
21.97,69.23,1012.25,86.45,443.85
19.05,62.96,1020.48,83.04,454.26
24.57,66.54,1004.44,83.15,432.41
12.55,39.58,1010.68,76.9,472.31
6.3,39.33,1010.63,94.26,489.95
13.96,40.83,1009.89,84.86,469.86
29.65,72.86,1004.26,69.63,434.67
28.26,63.13,1012.0,68.35,440.58
30.36,69.04,1009.6,58.73,436.72
18.32,47.83,1005.06,87.21,454.11
8.91,43.52,1022.78,98.0,478.38
24.45,70.02,1010.75,71.37,445.8
25.6,59.15,1013.31,67.02,441.11
27.45,59.74,1011.34,58.58,450.46
28.54,72.99,1007.42,67.87,432.0
28.71,71.64,1005.21,71.11,432.05
14.48,39.0,1016.75,75.97,464.56
11.46,38.91,1012.34,77.37,477.5
4.84,38.5,1011.96,81.62,491.23
12.66,43.67,1012.49,95.96,472.44
9.37,42.32,1015.15,82.96,477.57
15.27,38.73,1002.83,77.77,465.99
27.06,43.77,1011.02,42.61,442.15
16.64,43.14,1019.03,82.88,459.0
24.34,48.78,1018.0,73.44,448.54
14.22,44.99,1012.0,75.28,460.53
11.02,43.02,1012.32,66.54,478.81
10.96,41.93,1019.28,87.38,473.28
21.61,49.39,1019.41,78.2,449.26
31.42,69.13,1009.34,57.16,425.98
22.2,59.21,1017.87,73.34,445.29
29.32,71.29,1008.34,51.51,432.17
21.71,60.77,1017.95,85.07,444.59
9.33,39.96,1024.55,98.58,473.78
9.68,40.77,1022.04,85.23,473.73
27.73,67.69,1007.47,59.42,431.72
18.64,52.08,1004.24,99.9,451.3
15.34,36.99,1007.87,94.59,464.58
20.17,50.66,1014.38,82.09,454.79
17.76,40.55,1002.82,73.77,461.8
31.87,68.67,1005.64,48.85,435.66
24.11,68.3,1017.33,79.16,432.62
25.3,71.29,1007.86,62.98,437.17
22.18,45.09,1014.04,43.13,455.4
26.55,69.45,1013.92,52.22,434.55
14.73,36.99,1007.32,90.84,468.23
11.62,39.72,1018.4,68.06,471.56
10.57,36.71,1022.62,80.49,473.88
13.48,41.44,1015.64,71.46,471.39
25.9,59.54,1007.3,78.38,439.36
27.62,68.27,1008.04,63.04,427.67
27.76,65.59,1010.8,67.29,439.03
12.76,43.7,1015.13,65.34,475.73
29.07,72.51,1009.24,58.38,439.8
31.98,70.17,999.43,59.42,430.92
19.88,44.6,1015.52,37.85,467.68
21.06,67.07,1004.9,84.09,446.44
21.24,41.67,1012.6,49.27,459.81
25.65,78.92,1010.83,86.56,434.78
25.21,75.6,1017.19,69.84,445.84
7.87,41.17,1020.33,77.77,486.2
19.38,54.9,1017.08,70.46,454.1
19.65,42.23,1013.04,75.9,461.16
13.31,41.26,1020.83,79.55,462.87
14.14,43.34,1017.1,81.77,464.36
10.94,39.04,1021.62,86.41,479.8
21.12,63.91,1009.33,96.14,447.64
22.95,63.94,1013.87,80.37,447.13
22.5,45.38,1014.11,65.08,458.19
21.95,68.63,1012.8,61.55,448.9
31.03,69.59,1007.77,63.96,432.56
27.98,67.9,1006.3,73.53,436.08
22.61,54.42,1014.74,75.87,453.86
13.58,40.75,1016.05,76.45,472.73
26.13,57.32,1012.27,45.78,441.6
17.35,42.86,1014.62,74.16,465.16
23.99,58.62,1016.91,66.36,449.4
14.98,43.99,1022.66,83.34,462.32
11.54,40.77,1022.13,83.5,465.61
14.02,43.34,1016.06,85.8,466.38
14.09,44.84,1023.65,94.29,466.12
14.43,44.84,1024.34,84.0,467.45
22.75,70.94,1008.03,81.95,439.91
25.59,62.39,1006.37,74.06,435.84
16.61,45.87,1009.34,97.93,455.86
7.29,40.96,1023.01,90.78,488.65
23.44,62.52,1016.46,67.21,447.19
28.69,67.79,1011.01,66.4,439.87
22.67,62.52,1016.47,65.63,449.34
12.16,45.0,1021.51,50.52,482.99
17.48,49.39,1021.51,84.53,460.01
18.92,44.06,1017.47,68.75,453.72
26.3,59.07,1007.84,78.32,441.94
32.18,65.74,1010.89,46.52,435.58
31.18,70.36,1006.38,56.74,438.46
21.95,57.76,1018.02,67.72,452.27
33.12,68.31,1010.3,42.29,441.13
24.96,60.84,1018.13,59.51,442.36
16.05,65.46,1013.92,87.99,456.94
31.63,65.74,1010.83,50.59,437.54
21.99,58.96,1014.09,61.3,453.38
12.41,41.16,1017.45,93.64,464.08
28.18,67.17,1006.84,75.55,438.49
18.98,38.52,1018.85,63.16,454.6
20.66,41.54,1014.68,79.7,461.55
18.67,58.46,1016.73,87.7,447.16
13.83,42.86,1030.77,75.09,470.21
14.44,40.8,1025.05,56.59,472.95
14.98,39.58,1011.78,75.07,467.77
12.24,41.2,1012.48,89.85,473.22
12.25,44.58,1016.47,81.15,475.24
18.97,43.43,1012.72,75.69,453.2
14.59,35.71,1015.19,54.13,469.32
28.16,71.94,1007.69,68.17,430.46
10.02,41.44,1017.37,77.65,479.63
9.78,52.75,1022.97,78.31,469.58
26.53,54.2,1012.9,66.73,439.96
13.67,42.32,1015.41,79.04,464.56
12.41,41.44,1015.46,76.9,472.06
12.01,41.48,1017.75,66.67,469.08
25.34,49.5,1013.25,50.8,457.12
18.83,47.83,1005.58,77.07,454.23
18.62,59.15,1012.85,82.54,450.81
21.62,48.78,1020.06,85.09,448.52
20.24,56.03,1019.78,59.8,460.76
27.55,63.13,1012.92,71.29,440.75
17.79,44.9,1020.5,69.72,457.72
14.89,39.82,1013.23,82.49,470.19
21.23,57.32,1010.99,75.17,443.87
21.38,65.12,1015.73,68.02,448.5
22.05,48.14,1015.81,69.94,447.37
24.16,60.29,1018.09,63.49,446.17
5.21,35.79,1011.5,95.08,484.03
12.68,45.01,1013.86,83.26,448.69
12.38,43.52,1022.98,100.0,467.55
24.86,72.39,1001.15,90.24,440.85
10.22,39.96,1025.05,96.05,471.36
15.33,43.13,1015.41,53.17,466.86
12.49,38.25,1012.61,83.32,470.63
24.79,75.6,1017.07,68.23,440.05
25.0,59.43,1007.84,68.91,438.28
8.81,43.56,1014.99,81.5,482.52
16.58,46.18,1010.4,96.29,463.51
29.49,69.71,1009.34,56.35,440.99
5.29,41.38,1020.62,83.83,492.12
22.85,60.08,1018.05,67.12,452.5
24.93,69.05,1001.02,85.14,429.53
27.84,72.39,1001.18,83.46,432.19
8.13,71.14,1018.94,86.7,471.99
9.96,42.03,1017.78,82.39,477.85
27.91,72.24,1010.74,70.8,430.73
13.58,49.83,1008.9,86.8,465.82
9.97,39.99,1010.09,95.0,477.31
29.05,65.74,1013.29,60.02,440.74
6.18,41.38,1020.23,81.38,490.81
16.0,44.9,1020.5,80.89,461.5
12.04,40.1,1014.42,89.65,474.28
32.8,68.67,1005.27,44.53,432.28
5.65,40.72,1022.46,85.17,487.09
25.64,63.87,1017.14,49.25,444.34
30.26,77.24,1008.39,74.25,430.51
31.82,73.68,1014.8,40.58,433.32
24.54,65.46,1014.27,40.77,446.26
14.99,41.35,1004.56,98.9,466.85
8.74,36.3,1015.18,61.97,438.63
29.72,68.08,1010.72,53.46,430.36
14.91,40.73,1017.44,86.91,458.99
28.29,69.13,1009.29,58.18,429.28
23.14,62.26,1011.87,66.44,444.38
31.19,70.94,1007.29,51.91,436.6
28.29,68.08,1010.77,53.92,430.93
8.9,40.77,1011.67,90.26,479.18
15.43,40.89,1010.63,73.03,468.35
14.85,39.39,1013.93,76.27,468.84
28.26,65.34,1014.56,43.4,441.03
10.69,36.71,1022.08,83.28,472.81
30.2,71.85,1008.25,59.1,425.21
29.55,66.25,1009.38,69.55,436.29
26.96,69.45,1013.89,51.47,436.69
2.34,39.42,1028.47,69.68,490.34
14.43,41.76,1024.02,83.57,467.33
21.58,63.87,1015.27,63.15,451.88
13.3,50.59,1019.38,92.96,469.13
10.42,41.46,1021.04,89.16,479.24
10.76,40.43,1025.98,79.65,490.78
22.33,45.87,1007.8,63.61,447.02
13.42,40.78,1025.03,77.51,459.04
25.93,69.34,1008.91,79.43,434.08
19.94,56.53,1020.48,76.43,453.8
14.16,44.58,1020.75,77.42,473.22
30.05,56.9,1007.02,41.96,437.55
31.71,69.04,1008.79,49.32,441.15
3.31,39.42,1024.05,84.31,487.19
20.58,54.5,1015.04,89.83,467.76
28.84,73.03,1013.99,76.05,435.75
17.01,44.2,1019.18,61.23,457.26
17.29,52.72,1024.71,62.32,467.23
31.03,74.33,1011.55,63.45,429.35
5.15,45.87,1008.02,98.36,479.61
22.89,80.25,1006.38,80.25,446.15
24.34,66.05,1019.26,74.58,440.67
19.4,49.69,1012.89,75.53,455.6
29.45,74.16,1010.49,64.87,438.11
22.32,47.93,1004.07,86.95,440.21
25.26,65.61,1014.43,58.35,447.34
13.4,40.89,1010.67,91.66,472.36
20.0,39.53,1007.59,62.09,456.28
32.07,71.29,1008.43,44.95,426.96
22.63,57.17,1009.83,77.43,433.54
6.03,40.78,1025.53,98.68,480.36
19.35,39.72,1002.5,51.24,455.29
17.77,43.72,1009.01,77.7,456.34
23.74,63.9,1014.73,81.9,445.47
14.08,41.93,1023.02,59.41,475.15
28.82,65.71,1014.24,54.3,449.18
25.2,57.5,1015.19,59.62,446.26
24.26,56.57,1013.86,70.35,442.9
25.66,71.77,1006.76,84.76,429.25
17.4,44.9,1020.5,77.11,457.75
26.35,59.87,1013.24,73.63,447.26
15.55,43.71,1024.34,79.61,465.14
17.69,65.46,1013.72,67.28,448.49
10.72,35.76,1019.71,62.26,473.48
27.57,71.32,1002.59,76.68,436.61
11.3,40.55,1005.97,97.99,476.72
14.66,43.13,1014.97,46.31,467.87
30.02,68.24,1009.8,65.73,429.5
11.52,40.03,1017.56,87.87,472.31
10.36,37.83,1005.87,98.56,472.62
11.12,44.92,1025.58,93.52,470.82
25.04,70.36,1006.56,75.91,436.47
23.98,50.32,1008.41,67.75,443.45
14.66,42.07,1018.14,84.68,462.77
11.44,43.13,1014.88,63.88,477.57
13.14,43.71,1024.47,87.42,467.07
6.71,40.72,1022.78,80.69,483.11
12.42,38.25,1012.76,82.23,472.3
26.05,44.89,1009.83,56.36,443.18
34.29,68.51,1009.58,32.25,427.62
27.24,44.89,1009.61,51.89,442.84
10.07,40.92,1021.43,97.15,467.01
21.1,62.66,1011.19,83.49,448.8
15.26,41.2,1016.0,76.06,467.98
12.62,34.03,1019.06,74.78,471.55
31.46,71.8,1010.75,54.88,434.96
18.03,58.86,1015.99,89.03,450.33
26.23,63.56,1013.57,65.81,440.8
27.01,71.25,1000.46,87.95,431.38
23.09,70.02,1010.58,77.85,443.27
19.47,50.9,1012.77,77.33,457.08
15.23,37.87,1020.17,85.02,464.02
9.37,40.11,1024.94,75.03,471.13
14.74,42.77,1017.71,76.59,463.61
2.8,39.64,1011.01,82.96,482.66
26.95,72.24,1011.16,73.14,435.65
12.76,41.48,1014.06,70.34,461.61
25.77,68.08,1010.99,73.58,433.46
25.19,63.94,1012.78,75.15,438.73
30.2,70.02,1009.85,63.39,437.48
19.08,44.63,1020.05,41.07,455.95
24.59,60.37,1005.31,76.81,438.09
23.71,67.17,1007.27,90.2,440.65
24.27,74.93,1012.73,73.81,443.06
28.68,70.72,1009.43,71.33,435.45
10.66,41.93,1016.12,94.16,479.61
24.26,67.69,1008.48,66.74,437.4
27.9,63.13,1011.8,70.04,439.76
27.18,64.44,1012.81,61.27,440.3
28.99,68.24,1008.75,66.57,428.28
23.64,58.49,1011.4,74.2,445.75
19.54,54.9,1017.15,70.37,455.86
14.04,40.56,1018.4,65.79,472.98
33.7,68.27,1007.16,50.41,427.4
1.81,39.42,1026.92,76.97,490.55
29.45,68.24,1007.45,32.81,432.53
27.64,75.6,1017.35,54.78,441.04
27.57,69.84,1004.91,68.37,426.6
14.18,39.3,1020.1,67.48,464.32
28.15,74.9,1003.67,76.32,433.63
13.33,54.3,1016.77,80.32,468.1
20.16,60.1,1011.24,86.23,453.36
15.99,49.21,1015.17,76.4,463.47
11.91,44.45,1021.39,84.49,466.52
13.45,45.87,1008.73,87.06,464.88
19.61,56.53,1019.69,77.13,454.22
24.15,64.63,1020.72,58.06,448.87
26.45,75.6,1017.42,74.5,436.89
7.68,39.96,1023.73,87.48,477.84
16.64,45.87,1009.02,98.86,456.79
18.68,53.29,1018.16,75.01,459.89
14.04,39.64,1011.09,87.22,472.31
17.32,42.24,1017.35,62.96,472.33
27.71,69.13,1001.63,51.45,432.54
18.13,66.86,1012.9,78.84,454.85
28.04,70.32,1011.28,78.16,435.42
12.97,49.83,1008.69,91.49,452.07
14.6,42.32,1015.71,77.03,464.67
21.78,47.43,1007.88,66.68,446.79
32.21,68.14,1003.34,62.44,426.56
22.99,46.21,1010.71,60.11,444.36
13.89,41.49,1020.02,86.47,469.6
26.94,59.87,1011.66,58.34,448.6
32.63,74.99,1002.42,40.07,432.79
17.37,58.49,1012.2,91.14,456.29
23.32,69.13,1010.75,91.84,435.27
25.64,70.72,1010.16,84.0,441.68
30.9,70.8,1008.48,67.48,435.27
25.03,60.84,1017.69,59.23,441.58
10.75,45.01,1018.73,93.16,471.47
13.53,42.03,1017.52,84.02,466.71
22.5,58.79,1017.48,73.02,443.35
28.57,51.43,1012.02,47.79,450.04
25.6,56.9,1006.35,81.58,437.82
10.22,37.83,1005.94,93.53,471.79
24.8,66.51,1016.74,65.72,441.34
23.53,50.05,1005.63,78.4,443.71
7.51,41.01,1024.61,97.41,477.61
18.03,53.16,1013.06,82.03,458.04
27.01,43.77,1011.18,46.58,440.64
8.72,40.72,1023.48,77.87,485.3
20.66,51.19,1008.81,88.93,447.14
20.95,70.72,1009.96,87.73,445.66
7.19,41.39,1018.12,90.76,486.35
25.78,59.15,1013.61,66.68,441.71
27.56,65.59,1010.88,66.47,439.64
26.28,73.06,1008.06,90.7,437.01
6.05,42.85,1013.09,91.88,485.02
20.3,58.41,1014.05,86.38,451.74
33.82,73.03,1013.49,42.17,439.3
5.4,39.4,1011.45,91.84,485.86
29.75,70.32,1007.35,55.8,427.2
28.37,63.31,1013.18,49.02,437.64
23.5,59.21,1018.29,63.0,443.31
8.16,39.72,1020.54,82.11,480.21
14.84,71.14,1019.61,66.78,454.16
16.07,65.46,1013.88,87.11,450.54
19.11,50.16,1010.88,100.09,450.38
25.04,70.47,1006.82,84.75,433.1
26.85,73.77,1001.2,90.13,431.24
27.05,59.15,1012.83,56.31,441.39
28.72,76.86,999.31,71.74,431.74
15.95,49.25,1019.04,88.51,463.4
22.12,57.19,1007.56,76.5,442.51
19.46,42.04,1011.3,60.45,466.24
16.71,46.18,1012.06,96.6,458.4
26.45,75.6,1017.42,74.5,436.89
12.79,41.62,1010.52,81.83,466.91
30.34,75.08,1005.32,52.97,437.26
10.48,40.22,1004.81,92.16,477.78
31.16,67.45,1014.69,32.25,428.35
26.11,47.43,1009.01,56.09,445.36
25.18,62.96,1020.04,59.08,444.37
23.71,60.23,1009.76,90.67,439.66
10.31,38.18,1018.02,70.1,476.31
31.55,69.75,1010.12,58.36,435.01
32.98,73.88,1006.31,47.55,440.28
22.31,51.19,1009.38,79.72,444.74
27.82,52.84,1006.23,52.18,440.31
6.01,35.79,1011.26,90.72,482.79
30.47,72.86,1004.02,66.35,432.51
13.17,36.71,1012.82,72.76,474.93
11.6,40.27,1008.55,72.12,473.89
25.43,72.39,1002.65,88.13,436.1
19.75,57.32,1010.76,79.29,443.63
12.04,38.25,1013.08,82.45,472.13
17.08,40.12,1012.17,81.5,457.81
21.91,70.32,1009.17,90.57,439.29
8.01,40.02,1031.33,85.01,477.84
16.1,36.71,1013.58,74.41,471.46
22.74,58.41,1013.92,84.03,447.85
29.62,70.02,1010.09,43.1,439.35
16.17,41.79,1005.78,78.8,454.72
28.45,52.84,1006.18,43.16,439.86
35.1,68.27,1006.96,43.51,426.3
23.68,68.12,1011.18,72.45,441.54
20.65,50.59,1016.22,68.57,455.24
25.16,47.01,1014.99,64.0,452.64
27.34,71.64,1008.12,72.22,438.76
21.26,50.32,1008.41,87.22,446.22
25.76,71.06,1007.93,90.4,433.75
9.13,40.02,1031.08,74.76,473.47
15.77,41.79,1007.96,80.69,455.87
9.56,44.71,1021.13,64.6,487.92
20.51,42.23,1013.25,71.83,461.78
32.09,72.86,1003.47,54.59,434.78
27.66,69.75,1009.71,84.27,439.18
13.72,44.47,1027.2,68.89,470.66
29.42,71.32,1002.26,67.13,437.47
6.54,39.33,1011.54,93.69,491.16
23.95,73.67,1007.32,87.67,437.43
7.7,40.72,1022.81,81.97,482.79
25.66,77.54,1008.22,78.42,432.82
14.28,43.02,1012.97,49.44,467.83
19.23,45.01,1012.24,72.91,450.77
13.42,41.74,1020.96,61.8,473.45
29.88,68.08,1011.14,55.78,429.33
28.31,50.05,1005.75,50.17,436.75
25.35,74.33,1015.29,77.84,435.66
23.89,50.16,1004.88,73.94,444.99
23.49,49.3,1003.35,77.96,442.76
20.13,60.07,1014.79,63.57,453.49
20.77,45.87,1008.07,76.22,452.71
23.46,72.43,1008.0,90.55,435.36
26.12,75.6,1017.41,72.31,439.68
15.89,43.96,1014.02,75.24,467.35
19.15,44.89,1009.6,74.52,451.09
13.5,54.3,1016.2,77.46,468.92
20.46,54.2,1011.4,84.0,448.1
20.78,58.86,1016.02,77.29,446.2
14.29,37.85,1009.98,92.81,468.63
23.76,51.19,1009.69,70.87,442.9
10.08,41.16,1023.14,96.03,469.17
20.06,60.77,1017.19,88.73,447.35
6.15,40.07,1020.2,66.64,494.3
33.73,69.88,1007.21,42.93,434.83
15.27,39.54,1010.64,81.91,464.49
6.19,41.31,1002.48,88.8,485.08
17.54,42.42,1008.97,67.67,471.28
21.9,47.43,1006.8,60.48,452.13
22.26,69.04,1010.48,84.33,444.73
27.31,65.12,1016.05,45.98,440.06
29.25,78.87,1012.05,84.28,430.49
5.91,39.33,1010.18,95.53,491.49
14.86,37.85,1010.58,86.8,467.71
26.92,67.25,1017.74,61.68,434.05
10.05,40.23,1019.71,90.41,475.48
23.82,64.15,1020.96,60.11,447.37
29.27,64.69,1006.85,55.79,438.23
20.92,70.02,1010.23,95.58,444.64
5.54,41.38,1020.47,82.91,490.07
29.46,71.94,1006.96,62.26,428.54
17.45,50.9,1012.16,83.8,458.67
6.03,41.17,1019.81,84.2,488.57
14.32,71.14,1019.87,79.15,460.02
10.45,41.01,1020.57,93.84,465.74
13.41,40.89,1010.85,89.61,472.4
23.33,73.18,1012.51,91.29,436.33
24.4,69.94,1005.75,58.1,438.76
14.03,49.83,1006.64,90.01,463.71
4.32,35.47,1017.8,88.51,488.03
8.77,40.46,1019.68,77.84,475.0
6.03,41.14,1028.04,87.46,479.61
27.68,69.34,1008.28,70.9,436.37
25.21,59.21,1017.37,55.06,445.33
23.07,49.02,1009.07,84.1,444.22
33.61,69.88,1007.4,42.51,435.99
23.25,70.32,1009.28,86.52,437.96
20.28,63.86,1016.04,74.66,447.26
6.93,40.67,1020.17,71.16,494.61
24.43,58.05,1011.88,71.39,445.68
13.09,43.02,1013.17,46.73,470.14
27.56,68.08,1010.8,59.18,433.95
21.39,64.27,1011.71,95.39,445.12
13.9,39.54,1007.01,81.33,471.16
29.09,70.02,1010.13,48.06,443.27
18.0,44.06,1016.8,78.88,454.59
24.12,62.44,1013.83,88.02,443.3
24.24,68.3,1018.03,81.51,437.12
27.92,68.12,1011.54,49.8,437.51
28.53,68.08,1013.27,42.53,438.91
25.2,63.76,1009.78,64.96,438.15
5.02,40.64,1021.2,93.27,485.28
22.69,64.45,1012.82,45.03,450.65
21.84,60.29,1017.23,66.89,454.4
27.11,69.75,1009.74,85.67,433.28
28.47,69.23,1013.18,40.73,434.12
30.32,74.22,1008.31,53.14,429.36
13.58,44.47,1029.91,70.41,467.15
19.08,58.59,1013.42,68.88,451.05
32.57,65.74,1011.03,46.27,440.56
23.57,64.15,1020.95,68.19,450.08
27.01,69.75,1009.78,81.29,442.57
17.18,46.0,1002.74,100.1,454.02
22.54,63.91,1012.15,84.91,446.64
29.0,69.13,1001.22,52.96,425.5
8.11,41.92,1029.61,91.92,483.52
14.19,49.83,1006.52,90.72,462.86
19.73,68.63,1012.41,74.12,450.26
23.51,48.98,1014.63,41.56,454.06
21.29,59.04,1012.49,84.23,445.37
21.77,42.23,1013.03,67.44,462.51
6.17,41.31,1002.49,87.59,481.27
29.84,74.87,1009.64,61.39,435.05
24.62,68.31,1010.45,75.18,448.58
17.8,62.26,1011.81,89.81,451.62
18.49,41.1,1001.9,59.99,460.76
11.27,40.69,1014.35,86.63,476.27
12.82,46.18,1018.53,88.46,466.06
23.34,63.73,1012.1,79.11,443.68
15.12,39.16,1006.55,76.99,463.78
24.12,51.43,1006.55,83.77,441.49
31.94,69.98,1013.32,56.17,432.03
13.85,48.06,1011.13,75.2,462.39
13.62,42.34,1017.87,89.67,464.79
28.9,60.07,1015.96,45.06,440.62
6.61,38.91,1015.77,92.31,484.32
14.47,39.58,1011.31,69.85,467.34
26.17,48.6,1002.59,61.41,439.86
20.79,50.59,1017.75,73.35,456.01
5.04,40.64,1021.35,93.63,484.42
14.51,42.77,1017.47,81.95,463.37
13.94,41.58,1020.76,68.22,463.07
14.78,42.86,1015.32,84.75,471.17
10.86,44.85,1014.15,88.36,476.87
29.42,69.14,1007.32,75.04,437.75
13.78,40.1,1014.49,81.86,445.98
24.01,63.56,1014.19,64.31,444.1
22.75,58.79,1011.44,84.47,445.67
9.23,42.44,1014.34,94.2,481.29
28.82,71.8,1010.97,67.64,436.71
6.44,39.33,1011.8,93.5,490.57
25.01,66.56,1009.68,64.94,435.73
3.96,35.47,1016.79,83.81,489.68
30.91,76.2,1008.53,58.08,434.94
30.57,58.9,1004.54,54.37,438.49
21.38,60.84,1017.94,82.83,445.8
17.48,44.71,1014.99,36.71,465.61
21.92,61.87,1009.68,58.83,445.52
29.72,74.78,1009.32,55.25,438.19
21.23,50.59,1017.42,69.26,453.95
26.82,65.27,1013.6,53.85,437.84
8.7,36.24,1013.34,89.5,478.69
12.85,40.0,1015.89,68.85,463.74
26.56,65.59,1012.6,64.25,443.66
23.07,65.27,1013.24,58.38,443.42
7.67,41.66,1016.25,77.0,485.03
21.3,59.39,1013.83,84.53,444.21
28.56,74.22,1007.45,69.6,434.54
27.19,64.96,1006.71,73.99,428.79
26.2,65.18,1011.42,47.82,440.07
15.46,44.6,1017.7,68.2,459.62
23.14,58.95,1017.52,66.25,442.27
23.35,47.01,1015.03,73.9,456.3
21.58,67.25,1017.39,79.0,446.15
27.05,77.95,1009.57,76.56,434.09
24.66,57.43,1013.17,71.82,445.41
9.04,44.68,1023.14,90.73,479.53
14.9,52.05,1015.11,77.33,464.82
6.8,41.16,1023.17,95.4,477.8
18.63,50.16,1010.21,97.13,450.14
7.64,43.79,1016.17,84.45,486.01
15.62,40.12,1013.03,96.26,462.59
13.11,41.58,1020.43,74.32,460.44
14.07,45.09,1013.32,94.45,462.69
16.24,41.93,1021.66,44.91,467.69
26.09,49.3,1003.79,66.19,439.82
24.86,63.47,1011.5,71.78,441.68
10.71,41.93,1018.23,90.88,478.76
14.02,40.75,1016.05,70.65,470.48
6.97,41.26,1010.6,96.88,484.71
14.16,40.89,1010.78,82.86,471.15
29.62,73.18,1012.21,61.6,427.22
26.71,66.25,1008.11,79.28,435.41
26.98,72.58,1008.55,78.5,431.12
8.6,36.66,1026.4,81.23,481.86
24.88,52.36,1014.45,68.39,452.31
22.68,70.47,1010.86,82.8,441.47
23.07,69.23,1011.78,76.06,437.08
12.8,44.9,1007.58,66.6,466.95
31.18,77.95,1014.89,65.62,431.58
16.6,41.93,1022.01,48.98,467.51
22.39,58.18,1008.52,87.48,448.37
26.52,65.06,1013.4,51.78,439.66
22.35,63.47,1013.21,82.52,440.11
30.98,67.45,1015.18,45.4,433.59
18.19,43.96,1011.87,79.68,464.58
24.73,74.22,1010.15,79.83,436.55
27.83,59.57,1011.22,71.05,443.85
15.12,43.79,1016.37,75.62,470.11
23.49,73.18,1012.4,90.05,437.01
24.81,59.87,1018.56,61.18,444.89
17.04,40.12,1011.81,83.14,458.1
31.56,66.44,1008.91,64.16,430.11
12.49,41.62,1011.37,82.68,461.35
16.2,38.73,1002.14,75.03,467.89
10.45,39.69,1003.92,89.45,472.54
22.29,43.79,1015.68,41.75,461.23
28.92,72.43,1007.03,66.14,431.5
29.53,64.44,1013.22,59.75,440.1
24.82,66.48,1006.4,70.21,433.62
30.82,70.36,1006.47,58.79,439.16
15.82,44.88,1018.59,78.88,461.9
17.27,40.55,1000.89,70.66,461.31
29.16,55.68,1004.84,55.68,435.04
12.81,44.58,1016.49,80.76,475.5
10.31,37.5,1008.55,99.31,474.16
23.94,63.21,1013.52,83.12,440.15
10.56,40.22,1005.08,89.71,478.02
28.37,71.64,1007.39,71.06,434.91
29.3,70.04,1010.95,61.23,426.25
18.18,61.87,1008.64,66.28,453.1
11.67,40.23,1017.65,82.48,475.07
7.82,41.16,1023.3,87.7,475.66
4.47,35.19,1018.78,92.68,487.43
30.56,71.25,1000.3,70.55,431.92
13.48,41.26,1021.92,78.24,466.88
26.12,68.94,1007.12,67.08,434.11
15.55,43.02,1011.97,44.66,466.2
18.53,39.72,1001.26,64.08,457.26
26.39,71.25,999.8,89.12,430.34
17.8,46.48,1007.27,81.31,452.66
28.21,70.8,1010.45,77.92,435.99
29.48,59.27,1010.99,51.23,440.72
6.79,39.37,1019.79,72.39,487.3
23.99,50.32,1008.41,67.4,444.23
13.24,40.83,1007.9,87.53,472.22
28.57,65.27,1013.27,51.11,440.51
12.62,40.83,1010.06,81.52,470.94
17.3,58.59,1015.52,87.17,454.88
19.82,63.9,1013.19,78.96,449.61
23.47,65.61,1014.57,69.83,447.16
20.65,41.67,1012.76,45.27,455.5
12.04,41.58,1018.02,88.91,464.45
29.87,73.68,1015.1,40.96,433.43
17.31,44.71,1017.43,35.4,463.05
15.69,39.3,1019.03,60.57,464.17
23.81,60.08,1017.29,62.66,450.33
12.81,44.34,1015.55,90.37,474.03
13.92,41.16,1003.83,88.69,465.33
26.12,66.75,1017.86,79.02,433.67
18.55,41.85,1015.24,62.47,467.51
9.41,40.43,1025.68,79.49,492.88
29.3,67.69,1007.17,55.5,430.72
18.21,49.69,1013.54,80.16,454.25
22.63,70.47,1008.0,82.27,441.92
23.56,60.77,1017.93,76.34,443.13
14.28,44.84,1024.84,79.09,474.57
20.32,39.72,1002.0,51.71,458.8
19.39,60.1,1010.28,83.31,452.57
18.16,39.99,1008.13,68.5,461.16
15.8,41.2,1016.08,77.83,468.55
6.16,39.48,1004.85,59.68,484.55
11.98,39.35,1014.97,98.05,472.43
30.52,71.77,1006.22,56.4,426.14
27.92,63.07,1010.75,45.26,442.87
31.11,74.87,1009.11,54.86,434.3
31.85,69.04,1008.35,46.09,434.79
12.64,41.49,1019.78,94.0,468.78
8.18,43.69,1017.16,88.16,487.83
24.87,60.37,1005.48,76.21,436.41
29.55,72.29,1007.94,84.45,430.98
5.25,42.85,1013.75,89.67,477.78
23.86,73.5,1011.34,87.32,438.62
17.74,44.2,1018.87,58.59,454.37
26.2,71.73,1009.99,74.99,434.08
12.95,43.71,1025.63,90.7,469.15
9.19,41.01,1022.14,98.98,468.37
10.32,40.35,1011.64,84.05,481.51
4.99,39.04,1020.45,78.89,472.52
14.4,42.18,1015.47,77.7,464.81
19.1,56.53,1020.18,76.38,455.52
12.86,44.77,1018.75,74.73,468.43
14.03,41.79,1008.07,83.32,457.98
28.88,71.98,1005.37,74.24,428.61
16.98,44.85,1015.48,51.77,464.27
26.38,66.49,1013.89,43.06,442.38
10.19,37.14,1012.74,73.48,475.01
18.66,56.53,1020.13,80.04,459.45
10.04,39.66,1015.84,82.31,480.63
29.58,76.2,1008.37,60.73,433.91
25.26,52.3,1006.65,64.64,442.76
24.23,56.89,1012.32,68.04,441.29
24.32,59.14,1017.46,80.14,438.08
32.96,73.03,1013.56,54.03,438.93
27.37,70.72,1009.77,67.87,441.9
13.49,41.78,1010.66,63.34,467.92
17.77,56.53,1019.57,79.89,457.94
23.1,60.08,1017.69,65.44,451.01
20.56,60.08,1017.79,78.08,452.8
22.8,49.16,1006.4,77.05,439.65
19.65,44.89,1009.76,75.36,451.35
19.45,46.33,1013.39,99.52,452.82
27.69,69.71,1009.9,69.91,440.43
20.01,43.77,1012.13,65.53,455.66
23.4,49.16,1002.85,69.82,446.05
15.73,38.73,1002.48,76.91,466.63
16.9,54.3,1017.97,60.57,460.57
8.81,44.68,1023.06,93.93,479.24
23.19,42.67,1007.83,63.31,446.95
11.53,41.39,1018.39,85.52,474.49
16.61,43.77,1012.25,77.23,457.66
23.85,72.43,1008.01,88.34,439.02
24.45,65.12,1015.92,57.19,445.01
10.26,43.14,1019.68,98.97,466.75
21.32,49.02,1008.81,85.81,445.65
24.0,75.23,1010.69,72.46,443.78
10.93,39.16,1016.54,90.56,479.83
26.98,70.94,1007.99,68.16,434.73
27.35,77.95,1017.43,73.36,437.61
12.43,40.27,1007.08,61.56,470.92
13.66,41.67,1013.43,80.56,469.17
9.42,41.4,1030.38,87.8,472.99
12.04,42.34,1019.72,94.67,465.36
18.04,44.85,1015.13,48.4,463.31
19.67,44.71,1015.46,31.46,464.99
12.53,42.03,1017.57,81.57,469.18
27.62,71.14,1011.6,52.8,434.72
25.27,63.91,1009.82,75.48,440.39
6.22,39.85,1012.05,86.88,443.73
32.06,71.85,1007.9,56.44,426.07
14.84,42.03,1017.47,79.27,466.2
23.26,59.14,1016.98,76.29,440.37
29.3,69.48,1010.1,53.69,429.42
12.99,43.8,1023.16,64.65,466.95
19.07,49.69,1007.22,76.79,453.09
25.22,69.88,1007.17,80.26,443.24
26.46,61.41,1012.41,56.58,448.83
25.57,65.46,1014.81,38.58,444.46
23.6,65.48,1017.44,61.26,444.38
26.71,70.4,1007.59,82.63,432.64
29.05,68.24,1007.88,42.67,433.92
20.21,65.06,1016.46,73.36,451.46
24.33,46.93,1013.51,52.63,449.07
28.94,68.67,1005.39,75.24,434.65
3.82,35.47,1016.62,84.34,489.04
14.46,45.87,1009.21,84.09,464.5
18.28,60.1,1009.72,85.79,452.93
27.89,73.17,1009.85,64.22,432.83
9.52,39.61,1021.18,73.78,478.79
11.41,40.62,1015.56,57.62,466.83
9.45,36.71,1024.24,83.28,476.02
18.59,39.54,1008.56,68.61,462.56
26.58,62.39,1006.36,68.98,438.66
10.35,40.27,1005.09,92.42,477.8
25.77,73.68,1014.18,87.53,429.84
26.18,52.36,1013.46,56.65,453.54
12.09,38.25,1013.61,81.28,469.29
29.45,70.02,1010.28,65.93,437.82
23.04,48.06,1014.16,54.99,459.36
20.51,39.72,1002.25,47.97,452.39
29.96,70.04,1010.15,54.47,427.1
8.41,39.16,1015.47,93.42,484.34
8.53,38.18,1017.54,76.49,480.86
16.3,41.16,1007.88,76.61,463.47
25.34,71.06,1007.74,92.52,434.86
17.75,49.25,1020.86,63.67,454.41
14.1,44.92,1023.95,89.5,467.22
27.27,72.58,1009.25,89.31,428.93
30.24,68.3,1016.21,48.25,431.82
13.51,40.89,1011.03,84.83,471.99
25.15,71.14,1011.68,70.33,434.99
19.47,58.79,1016.8,87.26,450.17
25.8,65.38,1009.3,52.28,450.5
18.32,42.18,1002.27,95.99,458.46
29.22,73.18,1012.22,64.91,430.57
11.6,40.69,1015.51,86.55,474.99
25.93,66.56,1004.97,76.35,433.25
17.74,58.33,1013.55,81.8,446.01
15.82,43.34,1014.52,79.07,460.4
28.98,62.66,1009.1,52.62,438.45
11.83,38.25,1013.36,85.33,473.31
24.87,58.33,1013.76,54.55,440.79
22.99,62.96,1019.6,65.05,449.4
24.7,50.23,1016.23,62.03,454.42
24.17,71.58,1010.16,89.96,436.27
9.83,38.56,1017.35,62.8,480.47
20.68,63.86,1015.73,74.36,447.84
11.34,41.54,1020.25,75.83,477.24
18.14,67.71,1003.82,95.69,442.45
22.31,43.43,1010.64,56.44,449.67
23.28,69.51,1013.31,53.0,444.17
7.91,39.96,1023.57,88.44,475.52
24.29,57.5,1014.85,67.28,449.98
25.14,60.37,1006.63,77.17,438.39
29.0,77.54,1011.33,75.13,431.37
10.34,41.74,1020.07,79.17,480.84
32.41,58.9,1003.26,45.33,439.11
18.0,52.08,1003.07,100.09,450.85
12.17,41.58,1013.89,88.98,463.03
20.08,54.42,1011.79,89.35,457.14
15.12,41.79,1007.16,82.35,455.63
29.6,69.82,1010.49,61.66,438.47
