x1,x2,x3,x4,y
-0.1877349385864989,-0.6066370273002868,-1.6268900714861962,0.5862139231611766,0.7737230902707553
2.4406367710114014,-0.19282125549288956,-1.1944856748870742,0.04501003188947665,-4.460387352887061
-0.9409078357080317,-1.7623429803842114,0.06472898591330423,0.8088122125031979,2.789405729059059
0.613911651136553,-1.2831051979620662,1.7155164069664306,0.39241622911312896,-0.7351196473065901
0.7356266680781547,0.44154510767384814,-0.7023534443968361,0.10031321250144984,-0.07527780198745249
0.9729178880393904,0.7058804741793124,0.24330698768494682,-0.20870036045998175,0.1469937374909734
0.25919494859560865,-0.04758222735836565,0.27192966782775957,0.7698484166779528,0.68211409141438
-0.07407491587415174,-0.8158715670496405,-0.18182994652193119,-0.07690553139428155,3.408172868526917
-0.17768801813437915,-0.06756184989268253,-0.06362478737175366,-0.24490494453158024,2.933222478688246
-0.8387435519296708,-0.26075194647859334,2.9044561589002695,-0.30405817342916636,0.8610575840579942
-0.1562871186628881,0.06167579892504002,-1.7848239886006516,1.205625482325703,-3.9287626405029568
-0.3417616272350159,-2.0990402932392866,0.06646808119162949,0.3524540430628164,4.099571408284266
0.8187302903760847,0.06942920658116863,0.42414558854466544,1.2717239411336727,3.6441787080082957
-0.09261394478911097,-1.3112420624302679,1.1391569604269676,-1.3018315898400774,0.09419219299619308
0.508080943805794,-0.7291059362453219,1.7308514264988701,1.3683211344015664,-0.7544913725144131
-1.7542224967784448,-1.7773954921197903,-0.7463077782555883,0.4012887091739474,0.8662027714398504
-0.36481797510030134,-0.2646934402005783,2.255120022729192,-0.055405081311047065,0.45088377039045147
-0.030918546757897403,1.8717862835988046,0.11096635891529295,0.25280088046771215,-0.2414222873753551
-0.12614426910977342,0.08843073865507688,0.2543726709847309,0.35452119319542125,-0.7223107543166926
0.2991810029033985,1.2906917590959945,-0.8020053197733471,-0.06342967384338347,3.8351142345704057
1.8220740462510379,0.9673651268088483,0.7265844552788219,0.5144016187080094,2.9075314088154904
1.4171768553390212,-0.9110922374682869,1.1659226880934463,-0.26138504383370237,-3.2926725496927607
-0.45731621577241016,-0.2622215706364809,-0.6710709474123431,-0.4608805255121225,4.204269028214847
0.8601995734075739,-1.0847664732377007,-0.6124531088188655,-0.010973511572753093,-0.13389180123410238
0.28468256041338574,0.3193818871756084,0.4310627865644899,1.4159942103020873,4.317842438176698
0.5106274934832103,-1.3452277053443074,0.14579604706751892,1.579002990033359,-0.1563809197527608
1.5782945603970135,-0.40197417488638376,-2.5141492113003014,-1.8977762641254277,-0.17425595324387833
0.16130870874857725,-0.01099806001481291,3.3079666686034987,0.9961446947376148,-0.4936857552190123
0.7181965759638875,-0.8297773136147387,0.7923892814387384,0.0379526155810967,0.7689912660113318
-0.8059958357548946,-1.4998995651044702,-0.3411084882824166,-1.1628999263737745,2.998394665914372
-0.5981808056451795,-0.7046878920382523,-0.6513610798907343,1.5411461123953125,-0.018514586519735032
1.3238363459681068,1.417243365577911,0.1740365432693165,1.1794885599673994,3.429192203919266
1.1372671432071197,-0.3800426390900663,0.19769601292123035,0.13601734140740873,-0.03731625687127382
-0.48833019120731835,0.08560068328884265,-2.271546713200855,-0.275077651521738,-0.18388655235221457
0.3480674310258044,1.9453075963738244,0.22580418563430307,-0.6531436669421415,0.661375164452557
-0.9708613488674189,0.7825418786284648,-0.19961186156882013,1.106841400826147,-3.608180428983403
-0.21213643485945186,0.07263141066993749,0.013146658964374041,-0.4584105342465762,-2.756520716551571
0.4233510568965778,-0.03713557867521775,0.05978269533326747,-1.7430758879677,-4.151680612855677
0.10377003619345694,2.0177170569394702,0.6505214580106435,2.0932991884720344,4.671286384626708
0.050974807245107355,0.4312074769270545,0.8339862038713636,-0.9932109264271481,0.10196149115605779
-0.671440654020643,0.42163768868171225,-0.7963308712516883,-0.6782069334751514,-0.8048719156186672
0.2717025134932366,0.5982193391277115,0.06857334212813278,-0.3244265651213478,1.2667237780086529
0.007013490223412491,-0.35374616218260124,1.2527091025423736,-0.2310513224498866,-2.894367166579992
0.3266229883417008,-1.3266413944568711,0.23429400921687582,1.8878419832385052,-0.49922388064366896
0.036181447031658535,0.6993357400562387,-0.41432594286096175,-0.6142220801977024,3.3810933090777517
-1.19327841316624,0.4903285864442666,-0.2952939535469759,-0.40692639573796163,-0.4451520497343656
-0.15810170561147835,0.035338445572596154,0.9566940976790042,0.3851434435599558,-0.9643816932108819
0.013417764354444507,0.15208132825184997,-0.5231023504690179,-2.5433487643375745,3.12376146902972
-0.4723468109454553,-1.433244347264499,1.3595793853896192,1.8415112093550825,3.2236891839961976
-0.20810645466076902,-0.7115967227310189,-1.6466103901866473,-0.02310487305099437,3.4930431421548325
1.4415441133398375,-0.09918946233242021,-1.2735619962240754,-0.003117887774049152,-0.8275086486690566
-1.6710952658495943,0.4797571661570352,-0.2211779472803916,-1.2501478348307355,-1.5412267004313833
0.54455933010132,-0.8790956234726811,-0.17150408836748776,0.17946584105701377,-2.763057262613202
1.2613217487773212,0.24263278863039084,0.0878012446879756,-0.22142466084651385,0.25427820706479504
0.9628370102832502,0.5480935267859185,-0.10177995696258868,-0.8143570270062387,4.234158650295154
-0.2799016804821329,0.22909946649832086,2.2449071104615346,-1.4583180408672867,-4.224062241883583
-0.23044776386748114,2.1572643713229134,0.543668523065406,-0.8845509536802082,-3.582852065755292
0.4521342719769061,-0.15012781556211546,0.6648962598456981,1.4478044740571436,0.021026343091517963
-0.3542107687530624,0.1965215322841622,-1.8649547807795772,1.1906158197993888,-3.0616846181337616
0.34015305088353853,-0.5432187808941077,-1.9521887911404567,-0.4708558445335741,-0.052511646556264224
0.6362022198016745,1.6465947736420439,-1.7218747827202296,1.3732966700718252,0.7772519606246294
0.7500323415860655,-1.1627579689470786,-0.8172086049050429,1.4723816392700952,-2.747306416131751
1.350737803036794,0.2397685725949126,0.9780931891792787,-0.37792991979834306,0.2577625494753524
-0.2885889428798375,1.560903629401114,0.8340434321373826,-0.11178507935967366,-3.2228701692354917
0.08703627742478572,-0.487013247348793,-0.7127910704272669,-0.040429659754198,-0.31583569889590757
-0.08413142050094878,-1.8483713678259686,-1.2433374339758891,-0.8393106901039545,2.785169190019715
-0.999036472013058,1.8041589000223925,-0.5942029889974605,0.1939092441612573,-3.914879933301762
0.10133759324089468,-0.37544701653999407,-1.291312008118217,-0.10576006431517096,-0.7470876379343117
0.29759277560807446,0.3727199873419085,-0.6277666498828253,0.16693516070000564,0.4903002420975952
0.2797662655995868,-2.331290563783502,-1.0271408693582509,-1.1697755754305796,-0.3611508830024289
-1.3010316556225443,-0.866015033193492,-1.0498232422475633,0.6511406177990084,-0.0981344800402627
-0.10640070227645654,-0.6920510516679402,0.25332273758328333,-0.7310429860533544,0.9420061038180276
-0.6716276007271049,-0.8178967086260623,0.38074730429218556,-0.45200513546355997,1.3116861406487457
-0.4709459777000204,0.7300942139727417,0.32708416544624536,0.43033213888813393,0.19610271433991178
1.0609014758617688,2.9789440298833942,1.919671353398455,1.0426822250246364,3.068319274574446
0.2038448829118636,-0.5211761806752512,0.744294469906136,1.032523081387676,-0.15278314603044674
0.41963555155539045,-1.0919055577967351,-1.1288958266520532,1.5767396426272164,-2.465453991322094
1.5981939771087808,-0.7149264374733498,-0.26566077878086886,1.1934740106103032,-3.05540360215809
0.21556394002054208,-2.402605967826786,-0.42526362630373,-1.0465593885631763,-0.4889805517295868
1.8475048828300722,0.030359854776073555,1.6543205431172934,1.3584744576917789,4.155457644069352
-1.7912490046384002,-0.018051502747335513,-0.33314978172795806,-0.6320366921534466,3.495502131304351
-0.30687981239144724,1.0547401903785187,-0.6786514100129121,2.314399179619398,-3.323260064778332
-1.1746593953392999,-1.0429188684258786,-0.6601460733354418,0.9166932534806572,-0.026743144698564647
0.804923965782224,-0.19531783130747993,-0.19953331825741208,-0.34562184473696844,-0.6557888420147868
0.9437932822323637,0.5760160475134927,-0.23141072520211073,1.133954150178609,0.2727956974536372
-0.3778019802625895,-1.198698233758989,0.10574997784483729,0.0971549367193658,3.43025891594361
1.4643663879563535,-2.444361149438024,-0.5271457604806257,0.04547444225800208,-4.055401765509472
-1.307445612706964,0.8320866512887638,0.49388202218449334,1.390286458542986,-0.20109371966227318
-0.36443682657780624,-0.54516922443926,-0.5981731037505567,1.8860979730642218,-0.06921754503884248
-0.2954687847975061,0.44555729157864465,0.07696397859792438,-1.4382866855930037,-3.1963986352674576
-1.246040680025699,0.6184708780235401,0.8124197595806832,-0.4611254082718642,-3.6409800229537477
-0.7259526223141748,-0.1973946597425033,-1.8044136571624725,0.5021725416442756,0.17004496754727783
-1.7028013880910706,-0.296697601614114,0.4139965331832301,-0.5489129787162442,0.7019267276076726
0.31912008098614697,0.16895435623767088,-1.095780863928403,-0.37164736618350747,3.0898986127502415
0.2591255542606201,-0.06955083158193935,-0.17643868329559634,-0.006259023028203485,0.061503221823167586
-0.3217130531811423,-0.5332756658861654,0.6575874231297578,-0.07776955421053473,0.09348959178676186
0.2893627620755374,-0.5595658947790683,0.039826483826687645,0.10199146652726807,-1.2904374359236606
1.514554570748529,-2.0726021274511526,-0.6936401834793258,-1.250066800604998,-1.0766858933479084
1.8427151729339186,-0.6600038705546646,0.6757184850608476,0.2587863889989298,-0.746761508938664
1.1290518452616,0.42404674185050045,1.7862906210056404,-1.2840179452932383,0.5895619301279706
0.6928580411729881,-0.5664513869255293,-1.3135954278443756,-2.4704932586110275,0.3095106756457291
1.1059428949614853,1.3683981586971181,0.582864017398372,-0.23479185410825815,0.6273383926499216
-0.571259431839765,0.22731690945917113,0.7522813019287223,1.4729376086812953,-0.8440656744175488
-0.23004193195240813,0.5934536738288396,-0.6256292731812854,0.6130238536010343,-4.570351066946867
1.793353442742609,0.23511843810624553,0.5933310538293763,0.37802482617721095,3.5614493415325663
-0.21832280326955428,0.860591762273345,-0.03461446291332687,-0.6030381838299127,-0.8771240774130178
-1.0893503684334769,0.63722476905781,-0.35494190252262836,0.022195606972004723,-3.47070779263733
1.0545679349464256,0.21466757610634196,0.045820661810763635,1.774823025962621,3.4234681902127893
0.5396925146698033,-0.858180364741429,2.1220701639497666,-1.2563381076880376,-3.4201493590473575
0.9678600570894808,0.1250129112260671,0.7449739013992099,-0.8415028500883014,0.6905958589545058
0.7383137085667152,-0.9168447568053265,0.8775951198237101,-0.4452774265929559,-2.7067197143337935
-0.8718972741091201,0.9415938557341299,0.587786488147976,0.786042658822812,0.21673071183264936
-1.329924624665608,1.6119379846650577,0.3578801227309711,0.10007256612787575,-0.8655732411645672
0.20079539430830567,0.8836693442572422,1.0156617019767766,-0.6916081015175496,-0.08205194783056624
-0.10239980955472333,1.8573569232619351,-0.44664649760120595,-0.3708189859034397,-0.31523396167793205
0.9059536790772554,-0.8447986770645072,1.1963050573425575,0.1763637307215627,-0.24018305035635618
0.2555685092222431,0.985467662608709,-0.11226705175577024,0.805893551520374,-0.2700888639892066
-0.1574742238272319,0.06066879319086129,-0.2696799883442694,0.32181252168446267,-3.3489184751667134
0.17136041722560913,0.8793616629281207,-0.35901831294703235,0.6426399479510911,1.1395649357713586
-0.3301945682664912,-1.5659158957171957,0.4301020519117643,0.7361986660971432,3.525419938101941
-0.5349649467913067,-0.2799185856368419,0.2813502669348691,0.7111107591429964,3.701086871998141
-0.21606188984665128,0.8533900252675336,-0.2588205072750014,-0.7649525318594478,0.012338188885949952
-1.2547584897951645,-0.2842742409482139,-1.2387771181900102,-0.8786605493819047,3.3003760144019245
-0.41786785152630096,0.33780982579012503,-0.6451980945665086,0.7441313887523885,-3.7404980497812135
-0.08926473606668593,1.6521004833995878,0.12037818018128013,-0.6538458437975002,-2.83446277518224
1.4127854651262974,-0.8058660405322223,0.5514398019302291,-0.9298648895522026,-3.446904451562758
-0.8313195132297005,-0.4224238053324482,1.3908382616450878,1.463298769533375,3.721790030086961
-0.005649966849502676,1.1332033964017092,-0.13994223846847667,0.5675727937503169,-3.8181216095869392
-0.6578048098849936,-0.10734900714831343,0.6605464759043453,0.06341812519061149,3.9105124705450867
0.08566270665416037,-3.0641534467663996,-0.273452953869381,1.0811142813563515,-3.018009089985569
0.8868986978167336,1.41754240958532,2.0984316128786022,0.3845739722247761,3.885769111407184
0.007685841407428269,-0.3522358930921401,-1.627494630031048,-0.05965594878795719,-1.0321543686361707
0.2766671998322953,1.4389505289925395,0.0792504259914192,2.1844033014527247,3.750283976213705
2.2789430124806156,-0.46550072749862026,-1.3676789575289177,-1.2041429347204564,-1.7370440096485125
-0.47877073760755146,-0.1451137347672964,1.5372232826565184,-1.1659989716623957,0.39321776488564175
-1.4471045265245421,-0.4323768684416096,-1.8634604076435188,-0.8184836762938674,3.480635444797785
-1.7725944717616162,-0.3110590990182482,0.7473342909983127,0.6700825055234293,4.10750776970406
0.9007761860892712,-0.038435521351976774,0.24912482622788626,-0.7861273380781045,-3.140178735741205
0.2297297609587958,1.1113522501565694,-1.0351066931406845,-0.5605904026479052,2.177974625878652
-0.8633975157935958,1.5326820022358472,0.22455007132198831,-1.3247561974719986,-3.4119042465427776
-0.4988558990692215,-0.022422737874730408,-0.6584999683787605,-1.8283946236456103,3.7254981690204043
1.1326571563780978,-0.05797515319009451,-0.0009680398621002215,0.03167222893001581,-2.889709815809094
1.5178295555060917,1.9605608450748964,0.02521516895289394,-1.0885404384336086,0.3137435202446488
1.2797964519395346,-1.3061679179512382,0.5739787559321392,-0.06611306326674225,-3.7761937077421788
1.92298905780018,-0.41681209824965554,0.3403528059899704,0.5243794411355782,-0.08253285190080506
-0.7460220527879342,2.3441922226110803,0.28568798576757287,0.6184493462273559,0.1522216115037216
0.6849601333756915,-1.456899858399478,-1.2310940363430318,0.16179532052874301,-2.584305692953793
0.9807812471836393,0.9258000197368329,-0.21438018610981818,-0.17708209312539752,4.007383759467841
0.13019871829921073,1.2479352141115914,-1.2880240833691745,1.359626267611339,1.0489858953493676
0.4222006026512285,-0.38841363351784264,-0.10629296183188941,-0.26267876915747895,-0.1304769279501658
0.6883808060352365,-0.8602912066624294,-1.5363367434553385,-1.309887370634403,-0.01174017296780322
1.047432899635281,-0.501471371466867,-0.10723248556139783,0.8865521115313016,-3.436658047382022
0.8348450059981185,1.2159709946860031,0.30783973827014716,-0.031513679901745445,-0.4293189107619251
-0.8528714536499586,0.3455955076521401,1.1010842518170108,-1.107275803511646,-3.126311269930575
0.4519620589392839,-0.3649454366525769,-1.1332821003628233,1.4889236544676059,-3.8277811889203788
0.6196907952122459,-0.8004035431462967,-1.7167641879383857,-0.9209485620517887,0.1227626172650702
-1.1229678721968774,0.4513779424473561,0.5161511415152346,0.03368109174910878,-1.313380510681283
-0.49866443428852336,2.1277897282475733,0.7147127373728249,1.353175241495645,-0.863985218379411
-0.06260994297851263,0.5347782653856373,0.3697112771455139,-0.03815954986328875,-4.847271590609619
0.11282296536590689,-1.0461340219667419,0.677231064120094,-0.4649827461695915,-3.1559925736963956
1.5586260025287795,-0.2219749857501748,-0.7521194163775554,0.13589870699278295,-3.5181803379808025
-2.0891692860580067,-0.7645114002088808,0.5775986335964882,0.03007184159736976,3.6816287920155455
0.6008531690918962,-0.037719567153515404,0.11511692888876723,1.3955746859516274,-0.8647531771335082
0.7597051246284636,1.288657221792676,-1.4283152986710286,-1.0570392212824793,4.145732757830751
0.08633924062108599,-0.028748786364533464,0.4189670398841006,2.1868243046359557,0.21771236981399333
-0.8869139905887661,-0.8574391434622087,-0.42629995947925203,-0.869141656036992,3.6073706944612214
0.6558226122261637,-0.2134344532425454,0.2625375568925536,0.0624469898761813,-0.5648201877030046
0.020680484036344985,-0.39359895064259237,2.0659849252986127,0.23294336483622946,-0.7078127379813106
0.14457359298381922,-2.2030990427913992,-0.5148201639575709,0.8364563079262126,-3.412006909541018
-1.425008275702162,0.250773916585442,-0.8193801220932232,-1.0327413756257406,-1.3040095593836587
-0.7461997928078438,-1.1985463091559194,0.3013947648165802,-0.328111113105202,-0.01642325535772038
-0.46873861609290934,-1.7502704622886176,-0.7628986098478605,-1.5134651657420477,3.299433016100403
0.6762934185516006,-1.0162427793873796,-0.6823162095580838,1.3626494497038644,-3.158994811522092
1.267521030439129,1.6264565624075429,-1.2291855153732312,0.5653084220201194,1.2362949913650512
-0.40762832970874213,1.2326914856426212,-0.9683028984606742,-0.7062015536887181,-0.45683157676132924
1.1738754912834177,-0.7201089205198785,0.7821575187640459,-0.7030456615203784,-3.3367397469184406
-0.19711085291854882,-1.2507854029760688,-0.04237736379700803,-0.27269647610301717,3.9603652819693638
-1.3834332656175328,-1.1649374020503738,0.7409804271757843,0.399649780368685,4.030897513458603
0.7504596578683401,1.1667177966454667,-1.5714666838609215,-0.2238438471000519,4.112110637748023
-0.008612708386517353,0.41748437106812214,-0.33505173972182395,-1.014125193185512,-0.8144585391827959
1.2118809800063008,-1.2432789529873083,-0.15630337493283042,-0.525718825959967,-0.9240394434469408
3.157730233912816,-0.37939541116418307,-0.4328076124057548,1.6509413294324542,-4.291607234784377
-1.0370430238263606,1.96244732253516,0.35535276531083015,0.24858096579177869,-0.6694875205780844
0.13231301019612665,-1.154314504830206,-0.46768484013538997,0.18084028932011972,-3.980085067261297
-0.7673489152548025,-1.2106067709317123,-0.6963763825629046,-1.6602431362146555,2.7692617438516476
-0.5602931652567796,0.7107785903152293,2.1214525392868113,1.0455375947126735,-0.8348035634479702
1.5298600145605044,0.751512511694179,-0.061368929600153735,-0.4525978605303177,3.806951419092002
0.1867311561846066,-1.37815529763104,-0.8809031315577909,1.7931821445124132,-3.381869378140526
0.37223148130725603,0.5613046571840355,0.9212475641844328,1.3122864509797645,3.667880949790985
0.550858035869152,-1.648298859313255,0.9763793995442112,0.713523910513046,-0.19991159216875548
1.2786313376799627,0.5167160336640665,0.30930817313584774,-0.7861286110304352,0.9929590398182424
-0.9899175929945304,-0.8408059405672872,0.36073302879547714,0.4984032454237565,3.784923264484049
0.9880524137840163,2.062552989763368,-0.925876698809869,2.0182096735046464,0.7627526499368542
1.5990025561419587,-1.3564849273460813,-0.3584265219785476,-0.08009855791935688,-1.2094011301439052
2.041215611178353,-0.5635186546119303,-1.3439708877136676,-0.7371287188183473,0.1925236263876453
0.7907134213343123,-1.1232601216875426,-0.05334913174601896,-0.9758335040781314,0.12176459711126142
0.9447795261342594,-2.296663711958385,0.4100567594227329,0.016532550302583177,-0.5045693803067555
-1.1156141287093786,0.9009208722613712,2.223541606083744,1.7428214924525176,-0.7450508786898133
-0.8005450709564755,-0.07984325777704748,0.33847577843707877,-0.04743269277612005,-0.2558471753396523
-0.6149480498916834,1.7898158693741613,-0.5466370957301985,-1.9394158319786514,-0.517499286164555
0.5456028986599156,-0.5834337444254664,-1.2314851695445297,-0.5153769973912247,-0.40885886554509376
3.403775200738376,0.48397499872336824,0.11875602830650463,1.0956023944756204,4.18603416869635
-1.9337148727391236,-1.7182097709483002,-0.13612764656729096,-0.20343177136827095,3.3972330637261487
-1.4180628768101533,-0.8108312203921215,-0.324095720531883,0.8149839799232674,-0.5127415261313673
0.4718124853265419,-1.7393425643036042,-0.7227371951343896,-1.0160118696021962,-0.6402550655540564
0.12002216445764409,0.1133819635557522,-1.752697562912119,1.7605949865226969,0.6534699195101831
-0.6293387928519166,1.2003434688603878,1.9326918895633678,-0.5329656503741552,-3.3285683074593964
-0.9395172187654063,-0.3180360900353282,0.4410335514116666,0.8248508788937658,3.2998384652790156
1.5766046933471356,0.14194941562102723,0.5372310030795193,0.009361793465776355,4.614639053187503
0.7175808474338917,1.10658638837221,0.2795088823245622,0.9633330630292111,3.5368591157876574
0.905135790849729,-1.4699079849621481,0.8945887581395423,0.40790662816019735,-0.806230267751852
-0.7536422191641836,-1.342900497723462,1.8085382385342692,0.6359127796359284,2.7324147543948354
0.5510332474571968,1.4412553537597328,1.5472245409333967,-0.5840817177604638,0.9310964460089068
1.1195453494070073,-2.035239448755274,-1.7085150643920717,-0.6506223384028003,-0.4502057312503249
0.9154367641143947,1.0333404943878963,1.0762100322907044,-1.8772093977827877,0.7084530885803814
0.36602865859267747,1.2093037586847923,-0.9981779630551383,0.8249544033553157,-0.25793544172387073
0.22063686828136125,-1.127553065961324,1.4771502016173446,-1.988966334003092,-4.364990824981078
-2.6076881852293536,2.7174157018451295,0.6024238547007024,-2.0915099484432615,-3.6413734101613815
0.3807328837980999,2.798780897833776,0.4378808299335899,-0.20198215581383006,0.8860369952886757
1.0362708458202612,-0.3068238392294602,-0.229983767780569,-1.01897131674826,-0.6955026866558546
-0.6007909330571252,0.5694488468231397,-0.7279633869669083,0.24869947365493578,-3.9649177263380406
-0.8140423491466973,0.03557368472616154,-0.8406594415926577,-0.16008346532614093,-0.42997416400600313
-0.667280211440547,0.022593020265671677,0.17839208939218767,1.9819458275712991,-0.011954353289814534
-1.9832133877254887,-0.6297698413861231,-0.2220280650560061,-0.9370195803079013,3.235770126472962
0.4927836086472531,-0.41691899341936944,-1.9444011888227433,0.23095120975638778,-3.806886999152855
-0.6050628516190626,-0.31345171525592724,0.6968207357669631,0.19243353638870417,3.7510988017174434
-1.4688996901018192,-0.2663921690002645,1.1413693324366232,0.5195678080808286,2.9994463034466863
-0.8214113954454151,0.4235054263754604,0.6486368503054257,-0.3039495515508124,-3.7545833287644004
-0.6577404622883466,1.1943209767874015,0.2866106329342363,-1.104823835895088,-4.188203070690459
-1.1821831844538828,-0.6507830763384725,-1.2999597309661692,2.059362652721669,1.0685792802074783
0.44605003392581405,-1.4889515509584106,0.10782730724823271,0.47939395963724735,-0.5672790327585051
-0.38709628935294826,-0.46275030597416755,-1.750034534437059,-0.6133538745429026,3.9998283239573467
-0.41835547472185913,0.2218217059287036,0.4171303582755893,-1.104459648828002,-4.264572390979114
-0.2213152478732227,0.6166891517974388,-2.1873688367017974,1.0674429731947372,-3.1323980411888437
-0.3566393492543697,-0.38481863095051244,-1.1927711121446927,1.2187730100217877,0.693719409105186
0.29624160933452265,-1.5165458687279312,0.8918085180435927,0.08444948941045008,-0.6599258733563207
-0.24232573774725436,-2.3233968617762852,0.7643014207669715,0.35830831358085463,3.81190917610949
-1.7132874885285176,0.7362182076868962,1.3146280781696835,0.5266182533867358,-0.11084550378613989
0.11281107233261958,0.21080772634221567,-1.252369154487619,1.400253704034371,0.6630128599257916
0.26133741136069716,-0.0725213438743819,-1.1621192902369424,-0.6083382251132109,-0.3585384831276765
0.8355877926860085,-1.4498268240830317,-0.12176315883026578,-0.7136810347547186,-0.8633976242053456
-1.4919028522636812,-0.5564641608048275,-0.5765373906728114,0.33689361722362154,1.3368376577647545
0.12246067869452537,-0.16935730560637674,-1.159264954850052,-0.570348048701239,-0.8648066510017878
-0.3034342213925209,0.5932082861829666,-0.8252536793224726,0.15576230202761518,-2.6861923276411868
0.33662302182063525,-1.8687134118578808,2.1260848655567606,-0.06803847472230723,-4.013130830116866
0.33114106505254004,1.1304784266420005,1.2606240873666377,-0.7844214310741305,-0.43190084379419624
1.703357484155206,-2.1226829899949444,0.4301966236205878,1.6579815245476006,-0.029201299043922324
-0.4100494264187706,-0.39072266956603946,-1.1315532935507984,1.1455178426455723,-0.5721371523626935
0.5149354681025476,1.6834228816084298,-0.29093680908460057,-1.0682377941731611,4.727753614735513
1.0368534501691546,-0.39291871293542485,-1.4130403401536542,-0.8518839666676417,0.3683442347610377
-1.0720346931765594,0.23510468601447915,1.0943913643266325,1.2642039819318986,-0.2757851047929938
0.43470856092182797,-1.6277804318987075,0.16695570415539746,-0.5765884507707146,-3.105787164035301
0.08687922259339427,-0.050062532121849426,-0.9759726045303527,0.18694091609299143,-3.7749971377254283
0.37032044387303364,1.2194645114939318,0.6654427834756996,-1.0868914674111554,0.3545023456239721
1.5328411367173027,-0.49300445690659545,-0.15501025552828593,0.5826635108060958,-3.4875706679996017
-0.5086118543398701,-0.031241635378590916,-1.3833332775534917,0.7541074878865542,0.4682813165209148
0.6525279781132053,-1.5827021741316945,-0.08170187914563379,-0.21465339765181973,-1.259537954351859
1.071007663277287,0.5640559897880164,0.46980228505356436,0.020341349351972463,3.1585566297630345
-0.11177355000373813,0.07139203146700569,-0.5474877550877247,-2.1297333480731555,0.5050796418118686
-0.16830847907048616,0.7022735560856957,0.3169740104817261,-0.1758450017459306,-3.475250989801781
1.4178009115238022,1.901875965674444,1.9416936882923461,-2.2809212816389266,-0.23802457896660123
-0.5705401258405014,-0.9590321845000258,-0.6939992832818643,-0.266992364967095,3.4894612558728655
0.07454669775462866,-0.4753090332054817,-1.454292770317614,0.4694265030451644,-4.748453068056224
0.6870724849379042,-0.4740688020180974,0.7701560550166174,-0.4716684855466835,-2.5125535788925815
-0.22334775274529897,0.6869027920298095,0.5877889484028838,-0.3624955805502856,-3.9875515058611826
2.1396254994025776,0.07285426634439472,-0.6994483685544522,1.413888743310043,0.17017488023959004
-0.18432673086666354,0.31218779089792514,1.0871715008736516,0.9381367802505068,-1.1017515227747228
-0.22385057646429654,1.346628987558912,1.6618934757244452,-1.0676799503382048,-4.753584303172828
-0.15743040738725986,0.7380519869197459,-0.7395950030816699,1.5041026722253894,-3.4699432624915842
0.8817356904452213,0.8034719023102717,-0.29449976289047836,0.1331515531951187,1.2695785272986937
0.6406125085663842,-0.702187048823649,2.5546572645486614,0.21692486384082255,-0.2409891178984065
1.674963060581735,-0.16733984331475518,1.249845721280898,0.08482857596371833,-0.6732649020620364
-1.3447752321073478,0.18658626304625567,-0.3574263498832474,-0.21393646853361586,0.1870997333735409
-2.834977303242718,-2.232420001795922,-0.729478336463983,-0.24227283423122772,4.150350559749365
0.3849701849963755,-1.0527721691021392,-0.49822275121886767,-0.7955821698177722,-1.2893673525509302
0.5122615335864342,0.2671852444992333,0.05884118395690145,-1.347162614518015,0.3498169236869959
-0.7999988655791259,-2.3000397031696718,-1.4191802995611598,-0.7718912348472382,3.539132486164858
-0.06424645322577363,0.6932385515972659,-0.35013891281803555,1.0941999610926487,-3.5998572591906055
0.31782671519927924,1.4061349491707937,0.40551707429607725,-1.3361964442722736,0.5027085468067287
0.2028284202873813,2.6050933478317506,-1.0502343965036105,-0.7823927890573685,3.1895880549741844
-0.42673806979855555,-0.5925403548546693,2.301885807239983,0.10373524349147013,3.281795357668823
0.09304593089253353,-0.03187150419703482,1.1115745647579491,1.949338904313187,0.2818867023575964
-1.1971170165407832,-1.2780239420321067,0.32677095512467197,-1.6754526733280737,0.6707482699669326
-1.4031689972179175,2.0247607329001913,0.2877874970105194,0.8844700800942398,-1.4945619137389023
0.09334140258540793,-0.8296035924157655,-0.4757261723126013,0.1065748259005967,-4.470700451288177
-0.10439241978817898,0.19462785826492215,-1.658327195913548,-0.22633079514633195,-1.0117479201749573
0.6783711909492492,1.307136773515906,-0.2869274775548833,-0.07427927396120935,3.3040015758229764
-1.552674025057152,-0.6324254894433737,1.0392417417901747,-0.13462802851513164,0.4677467864792669
-0.09022676499746285,-0.0020507943579601757,0.18193294380976177,-0.1266488972488208,0.4005751667127375
0.8427821347445512,0.9759326648616455,0.5843276115681801,-2.252542115734521,-0.13209295982510094
-1.5230434662051808,-2.0202692718716966,2.5715277085432318,-1.5658970985379597,-0.01418141724646571
-1.5532303109474854,-0.9306690015915358,-0.9328295028715878,-0.05516526217450665,3.185053173577286
-2.525587878562564,0.6531332333699945,-0.511339846938968,0.489277237775096,-3.9434575692570597
-1.5497855877770128,0.7634468484285271,0.4354565042854091,-0.6319605517964512,-3.776722990501877
-1.1051485322108652,-0.1473724184867036,0.5692596381070821,0.9193179640449031,4.506152246558193
-1.3430204133285664,-1.3346587060788155,-0.42909047293665453,0.11751064530729927,0.7282905324156956
1.267897962825674,0.709252664586699,-0.37607327528315204,1.2920151682834728,-0.3695827213971672
-1.3379582039215516,-2.2371043630986414,-0.05502517446070401,-2.0317083707497186,3.712078961453423
-0.6293354185699805,-0.3607876188289069,0.8087649390050017,0.810532451625295,3.5874489694696297
-0.41388744621258006,0.7385840751690956,0.2699855214955634,-0.8626499648229448,-4.664758303384062
-0.6444840246069528,1.2576026786080914,-1.0214616259294658,-0.7574823076730264,-0.18426538894697697
-1.0088609092152194,0.9226526942805587,0.05367122764809404,-0.3105472593081992,-3.438372506016041
0.007539069647255365,1.3092904749944465,0.06926905315286758,-0.14089603129178102,0.6634813434686213
0.2625917752988638,-1.605684610073715,0.13682835747536173,-0.9621842839179016,-3.119198659788311
-0.12992651655206697,0.49192091820028805,-0.7933232891978234,0.176985222485689,-2.977956645305257
0.003278968294458714,1.2345484081228044,-1.9625503208407862,0.32106059584813346,0.44654823387324893
0.7815079890983226,1.5143703634234384,-0.835139660163493,0.5075221497132995,0.6387292794511453
1.967092913588167,0.7026342863436209,-0.2571632710664575,0.23050678917900674,0.314713076208461
1.9166045774224014,-0.16410887767928442,-0.4587582238415033,0.43945982185643634,-3.137444157818791
-0.855896433843501,1.4432307607892532,0.687555510534029,-2.152320955054746,-3.2872713783551375
0.8936588820062465,0.06952588365246182,1.0674340708997192,-1.376186907526395,0.34148824533476174
-1.0333765018549552,0.7650108246229704,-0.028176101691884458,0.05143185491145612,-4.190580995128741
-0.27216368164316185,1.7321447132581416,-0.28926283155413685,-1.4387351347116466,-0.6077608638714926
-1.643809646526101,-0.18020751625449422,1.2489686664984412,-0.15598086836172245,-0.07933811148633851
-0.735429253543641,0.20232159766956972,0.6845235841426087,1.048253072208707,-0.7780238363314174
-1.2344309384167866,-0.22427918080119455,1.235926168434783,0.6919841944632789,2.8508616751632925
1.4374391485629643,-0.37410370140998456,-0.09386850787948775,0.4204959292170549,-2.6106397170103484
0.8613893677863939,0.06518897806189658,-0.3900043131583784,-0.7176358982760994,3.6520962558057812
0.551795842143758,-1.2725268677518935,-0.03240500667895138,0.4894939871485063,-3.9175089797991514
0.9742740904313756,2.1256984304135997,-0.2945250266453021,-0.22743774275847675,4.068210450981472
1.505156270971204,-0.7162386625842424,0.010814920075300976,1.1622119961455537,-0.3811903107182025
0.697046992108833,-0.16679322418891934,2.4433056885879427,0.780344483118809,0.1544352349599345
-0.048410706107207976,-0.9821901538314514,0.23013563257446348,0.44159201087270733,4.057093945273074
1.875020596197425,-0.4280394879119075,0.7925577022557029,-0.525328114762814,-3.1994447055469197
-0.0297607121077974,-0.0842303699293263,0.36844739972580914,-1.6928100862088804,-0.5176237608052461
0.2535850897987869,0.8014137065479017,1.3630636326898267,0.8103849694452182,3.6862444304933377
-0.8817525937987823,-0.006129217175261097,-0.6191891291700162,-0.6356866655947734,3.2834565840738863
0.6674259851178005,-0.28240038510069215,-0.4821444536321511,0.6615712173321368,-3.3354034647587625
-0.12224471920528757,0.4961723876288692,-0.2666400073779323,0.1436193635882962,-4.099320294092371
-1.9386216308916353,-0.5148607267553212,0.5504401970698009,-1.515253439712534,0.7173285776429481
-0.3230040924356618,0.5802070816362226,-0.5189710024889657,-1.3210847288062175,-1.014159253897514
-2.088810767103706,-0.40570789616730973,-2.342051872030763,-0.06535720988913643,2.5126464941163493
0.184960195536097,-0.6415914319410044,-0.1904159998930196,1.2437775646729556,-3.446460237659481
-0.47130942360936545,0.3309062399076541,0.5295483589226518,-0.6339796479218259,-4.174953684212891
0.6492334972205792,-0.10733879830726309,-0.8630190287979366,0.8712826755656427,-3.167255360631145
0.35247422642494725,0.8335033923834332,-1.084026904706957,0.5678184375192786,0.5541563465324637
1.6421812471461545,0.036037737399898774,-1.1220655602212128,1.3537063530562081,0.2937304903446767
-0.3994411481549112,-0.32568430038131807,0.2734307134829322,-1.037923461666624,0.45369712892379677
1.2350897068682203,0.9379745902824639,0.8180186562592453,-0.6159809531731514,1.2348308681517945
-0.48218949107597114,1.32778657181292,-0.18032477644708866,0.7671388283940423,-3.5694512076678255
1.4505492182947028,0.30708267328754124,1.2483126919377678,-0.7245097274538078,1.4567245394968262
-0.27368723900222797,0.017797875854289318,-0.9315751847629857,-0.009989848767448696,0.19866545540652092
-1.4715457151707285,0.14535448439150578,-1.6626673986626592,1.3887944249956394,-3.9592548808530643
1.2839863427396934,0.9210062936254,1.06267709438889,0.6670547154515889,3.1561048963956053
0.16495865765769335,2.3185082355458064,0.9073523399729074,-1.1206526699695827,1.2349195588422759
1.7549690515304892,2.0703852218744676,-0.06411259828004238,0.24305745575754306,0.5967866952201322
0.3618645166530941,1.356734610647803,-1.4469270246755248,0.5227596856046312,0.49104349418412285
-0.01071342134076098,-2.3671276155303422,-0.6652909309674992,0.7944908068769475,1.1745474872976789
1.4206347117100537,-0.4080471344199329,0.322798101315599,0.0027850191185217134,-0.8073944568150702
0.44703664100167617,0.13410995281531635,-0.783873685093881,-0.25174646787099825,3.744105484795473
-1.3021772296745096,0.7637066958245817,-0.4568635596651653,-0.6464691989577761,0.3159154873656409
-1.8194696323177018,-0.15073902564866387,0.8270603929392681,0.37622501590022417,3.341573786016543
-0.6413182891253911,0.2898735551403833,-0.6611837979074995,1.4132441663617608,-3.017147776693539
-0.19271922021542423,0.3167328003313932,1.3131936099215058,-0.16098127104001064,-2.990346828392162
0.9213867598973444,0.4316731191205267,-0.17186312670340342,-1.2722419364855335,3.490870011304538
-0.48914486247722494,0.2767620389825373,-0.10903111263956669,-0.2664903047063404,0.010136470370053052
0.7992872083894527,-0.008671925689133006,0.22987406229587232,0.07335121637452319,-0.9285407189046453
1.2035562546328469,0.41211850250081644,-0.1135261521629435,0.6841242549248716,0.4956440291721211
1.5149117342297131,0.21548043302754974,0.061867760520503676,0.11862493220380328,4.002312033024384
1.1365264299462166,0.7685621658156256,-1.1555252390443413,0.29304723000522265,0.8458938448860827
0.41199616825367086,-1.322624596521419,1.0107859258823249,2.655633366200456,-0.6455468294478026
-0.8076945121232817,2.554696294539774,0.7721344655128981,-0.5859849316294339,-2.2095929458389456
-0.5231391859084087,2.2242631972618128,0.15489876265701824,-0.22999394725985256,-3.3956194696776874
0.47718269016655906,0.059223419837007095,-0.5285675322147341,0.5059607767845501,0.5442796215993583
0.46625032471542555,1.1050306881103704,-0.19616169904865277,-1.5581154343043409,3.5144566119966667
1.276956067504119,1.4932789766604129,-0.06011286280452111,-1.4227837087695765,2.948361566131218
-1.2943170903365624,-1.108808958082995,-0.17984991902348202,0.7036270432994659,0.6174812857427646
0.5075175076305846,-0.5901519504265352,0.17144204208176508,-0.7875059233577024,-2.9335013063344917
-1.8655275420798476,-0.3590404819276901,1.3896580295526262,0.06976561254368942,4.043635272697827
0.1562660450194498,-1.2378808687509215,-1.2865893372430748,-0.010347672955344214,-0.5245082126731161
-0.20677559281458355,-0.06685490601620361,-0.07752330364199,0.33425655041475966,-0.363732091342448
-1.1498044085721033,-0.6126032002663745,0.6176725027709254,-0.16390812033462893,0.44572457274541166
0.09677861381171872,0.15279973973245692,1.5112375884003082,1.711673597674406,3.9551364539264764
1.3355860526179673,-1.4024647451716994,0.5995595219709671,0.8397151386979508,-0.7488731996849455
1.393601556859742,-0.38926626925906066,1.525447869681611,-1.530583179771203,-3.1897214277551336
-1.8543339560314684,0.3769566449990345,-0.2565549464978089,0.6874014032882925,-3.625119420766672
0.06280855802522008,-0.8951612125429177,-1.6252349672451283,-0.2185266491253908,-0.19739917985505417
-2.3224312843768824,1.7522336717925102,-0.43742644362439775,-0.1359913867002495,-0.5600372688060846
1.3867890360193513,-0.6158987273992697,-0.18626504541399702,-1.3053952967243767,-0.7629177489582994
-0.7780724914854189,-0.06951333854021154,0.6915437501083369,-1.203716243682585,0.7209192691339331
-0.1769869054499257,0.9058028463754038,0.8746782599256889,0.7319964943736066,-0.6788767324129859
1.63098039669973,0.08094526892945042,-0.433661651139715,0.7616973971135251,0.8178602852891339
-0.12526780744402582,0.3502691130979454,-0.2875567770195082,-0.6342517966773301,-0.5496275201276165
-0.01147252920983444,0.5575707898096467,-0.23057285694292426,0.4754320883800863,-3.9913908642387224
0.6359483650378916,0.13648265946472374,0.8943819075221835,0.5143340103558935,3.5734500070822075
0.8776454092651316,0.7701196532013658,0.16316481971650335,-0.6468163447747386,-0.4046277460194132
-1.7996871164040864,1.132623370476092,0.00431079607386385,-0.3130121053569009,-4.0847791408073
0.286946790936083,-0.709103965832956,-0.19170203795279686,0.8491108519503542,-3.223271898406451
-0.22729825389914537,1.856262712952149,-0.9178190174059929,-1.339731141415602,-1.0175219978132712
-2.506955505045259,0.6840204188601635,0.9615843473602612,-1.6124963923505962,-3.4967415447046846
0.21019890332578833,-0.578403803744354,0.6477516394354355,-1.053470584728432,-3.7568955184403774
0.4802395734079027,-0.7537291923984899,0.06374414184899047,1.103680050028116,-0.4979236664574821
0.465681424654347,-1.6195327328829188,0.9600909818660754,-1.5606048153169256,-3.326888713846228
0.11981004377949674,-0.45162281403250343,1.9310329927146825,0.33977815651538557,-0.8792503908295636
0.5839871802120015,-0.7168266242013098,1.9392103111569354,0.8175667852993119,0.02535922878913144
1.0320255868402353,1.3749742627793455,-0.9006398875574969,-0.2736717161724996,3.3852220141860174
0.010668679730616592,-0.7016346425842496,0.3070900525963534,-0.3151245894926173,-3.641583812151294
-0.28060853444564826,-1.351315167669642,1.151209526004595,-1.1256826821730674,0.5987242605267842
-0.7205905927542091,0.8300695700735432,0.8244955252223368,0.19686730045773912,-0.8794848931450663
0.6436178507307508,0.8712953591542191,-1.3290090290404801,-0.18008605268354308,3.860634928045048
1.1623922470638406,-0.16298664572586824,-0.2774198092724042,-2.4905007103051893,-0.12840555353382582
1.170738800406724,0.44890405718087667,-1.4642549372986533,-0.7683432529148265,3.453538826126787
0.822280658598759,-1.9550797904861041,-0.29566106159225836,0.8802097441075922,-3.846036557937668
0.7180825784072358,-2.0506180115080297,1.0357691147776236,-0.11655578877498135,-2.917788342967641
-0.3595379879545908,-0.6251851543356183,0.0705446021764502,-1.000303999266752,0.9395520331720338
1.303240573256703,-1.2967880312346534,0.4292681994257277,-1.2084185362503972,-3.306199616730499
-0.5949727504647303,0.2432373744301899,0.059019545693935145,-1.247650105074195,-2.899468003362781
0.09043571291752055,1.6562412516966127,1.2416895566732347,-0.003239450105661267,-0.22445078692626796
0.7218198772523962,1.1718335413820429,-1.291592286167824,1.219162962331366,0.48657841677515173
-1.8146721699221315,0.5145381815935381,1.6115919393406497,-0.8637961924703064,-3.505593029035171
-0.5850414028042804,0.7977659494959944,-0.22663756996798146,0.5610011558171378,-3.6308903166385207
1.3829398193014641,1.986409434125795,-0.5992682608540881,-1.0703412341614267,3.4221260693590825
1.576060671611037,-0.8793198441195742,-0.48067814126959096,-0.7308440184273335,-0.06822988693992499
0.45047794744295755,-0.10857766405753067,0.050454240999045025,-0.23975055609583557,-3.283732493851746
-1.2628021894425947,-0.30919576337768634,0.0751374552067221,0.13960989500259796,4.14776175434941
0.33673395045878873,-0.2242882425372629,0.3916519387353941,0.6411419661747535,-1.2718624706908146
0.11157070979280283,1.7384206996379208,0.19604853752798257,-0.08957636767845907,1.266415781133551
-0.6296919627063343,1.3127482875245788,-1.2625891517268473,0.7402859516334862,-4.0280215815064295
-1.3866993879324745,0.18202900453243964,-1.485667519533738,-1.5398744219606293,-0.4133615848975673
0.3123939185501343,0.6292352073702246,0.3476801464359834,-2.4043307162163683,0.2102354079636402
-0.21306080264358485,0.6226080397191874,-0.531147822504565,0.7127031006258342,-4.387780001566763
2.3825719276626,-1.35077440789567,1.7658184915751227,-1.159695567889436,-2.975824591758031
1.2104239444788418,0.8713269403075312,0.2937110144464459,-1.2514766969938487,1.562694865325566
-0.10401708580250965,2.3107242543313418,0.3214569376518705,1.7618216486923752,-0.16549720414486258
-0.8968899383765182,-0.6994572392233619,-0.4991878484389692,0.006543617089304576,0.7040957001109152
-1.2820484475295952,2.10426418827598,0.7018939290802458,-0.020727258508468713,-4.0690566542645055
1.1575662202937516,0.7991132262339563,0.2195957766352855,-0.6491561757764155,-0.31204705318221104
-1.2135179621128798,2.412596542472706,0.48855165270713463,0.5256511453041326,-0.5597343194036567
-0.965460771811579,-1.4655505817517505,0.4046754332293162,-0.6551011751707183,0.0915346462953166
-1.7036580952590672,-1.0498970114654658,1.1053002831419265,1.3561357380088332,2.3206183675911127
0.4950253219495371,-0.16730992299025843,-0.7011496072415836,0.37011698582789754,-3.371926511275335
-0.29483009551722084,0.3565682287023363,0.6641042205948771,-0.5502807354080791,-3.661753448992562
0.6104523286919067,-0.07749165736199348,1.0820153805086126,-0.3920259399593503,-2.989312193797227
-0.41080769302760695,-2.372981466691022,0.3789651259204127,0.08597690577966022,2.4320490005225794
0.9937263456525777,-0.8216815067661297,-0.17112630991705674,0.7025957850084688,-3.8619368594065473
-0.09069237371250732,-0.45844999654332613,0.5399083165701162,-0.26378423494711034,0.5605761878339159
-1.9040175300055369,0.8633646143250351,0.4542054701535255,3.261612520649784,-1.5823011463221166
-0.9826864453766655,0.022940642646336655,-1.1438742464937075,0.4743096635819353,-4.002413898704967
-0.7413699519931295,-0.48828836683640614,-0.8594590810557351,-0.7325813778729767,2.8823383834685954
0.9377045723312343,1.1948332188448334,-1.0159804837667206,-1.0332510706363056,3.5371557179187882
-1.6803794415635742,0.9352802257054185,0.08753649338031774,1.2596521390965993,-0.770908107606042
1.9406390755256455,1.1866960442909669,0.13287695231910854,1.053677127877782,3.807280725544616
-0.927500519930914,0.4319180818849548,0.008601670378857982,1.2879333247146048,-0.2997491194901762
-0.4782015870125434,0.6468595860928129,0.09291728712805454,1.2751602539343343,-0.2807362286605683
-1.256038854803161,-2.148388538728337,-0.8475039224701623,0.22256792721559562,0.7390097740130751
1.448015572868004,1.3926915934658708,2.383093417205139,-0.22522427581846957,-0.5168731926643202
-0.6575423894023859,-0.5631008829997646,-0.8721238712125815,-0.04850944879558451,3.4652080767194198
0.21762389756728606,1.2202405728093484,0.3304254835535059,2.309198431180391,3.147915880887372
0.4943853928382342,0.6053666020425654,-0.5423687228003713,0.6067160300115364,0.7365646587046406
2.0797464240749086,-0.800138572095588,-0.3281796437085421,0.22258790639766265,-4.402700202767259
0.33241910654041096,-1.558945407564872,-0.8292288493863661,0.3417106824792831,-3.5463989527783797
0.08975787787884619,0.6542486265083303,0.5725191827873786,0.05403613628728907,3.2771360777896565
-0.031842878892111445,0.5357685471527496,0.3592992495471803,0.7003376284636553,-0.5700157481461301
-0.341208708172746,1.1162537091359321,-0.5197558861326885,-0.13093145130793454,-0.6649449446573015
2.7510567291557626,0.07018586737684332,-0.42089758195189775,0.4717511477371126,0.5699320830365748
0.9676275416355663,0.9002632679959947,0.8577142288529788,2.198881475208752,4.264087972862283
0.13782014299561518,0.3274765572773134,-2.1981305258933626,-0.4921152433624024,3.5542966756706895
1.516128241646679,-0.7352470312317282,0.8672124410411441,-1.082076096573691,-3.8599005358288903
0.11561989430808765,0.30878631298551196,-1.0677261317903253,-0.0033226690954690726,3.5563812892846616
1.449610171357721,-0.00194600445784203,2.0717219241460896,-1.4909075617730496,-4.805031542166865
1.4104212073946076,-0.47666286934378566,1.1350953134617567,1.11713949237382,0.0008697830057519118
0.7135029144378444,1.011286428431952,-0.35437481441965224,-0.6378709620044047,2.999386726987794
1.5371430380437112,-0.43385163401116245,1.2875791734424846,1.151979279969468,-0.9024640490154561
-0.09052513509039108,-2.8608239355219602,0.019173036899813783,-0.8317711762607664,-0.4158469758511327
-1.485165188169523,0.05451100639696745,-0.48469972685983037,0.45914256851004204,-3.935040118584233
1.4960176915711887,-1.730626003073354,1.5105351300105792,-0.7159365918777857,-3.04866235324776
0.040298543947518584,-0.865314875631658,2.831949403175273,0.5573474561036496,-0.5183912135135396
0.13876836766892836,0.14760008475925487,-1.3215844133545767,0.5867437240207374,0.0033776230769886895
0.4397396720878488,-0.9135169675162221,-0.929666636334036,-0.172906076833611,0.416330714215823
0.5284019082957724,1.59444424447725,-0.030144067440042836,-0.0660270875509043,3.676125317537019
0.8223556586470726,0.6614635617049048,0.6754404666281156,0.8144625242155267,3.314261295935377
-0.7368551635827106,0.035577948470222276,1.2119546968484536,-0.8481009566365563,-4.783572163379269
-1.0958130949691758,-1.6410349489030314,0.11155686190671428,0.3426241145512404,2.7230547993907193
0.1641401882837643,0.13823727667221336,1.417754588869728,-0.3429177151146184,0.8006142919300453
0.20905426369496274,-0.1470489629628143,-0.22148565996344427,0.2562170972758647,-3.5540832344421798
-0.6083963273272213,-0.5032383587880792,-0.8622048946211157,0.846982553682041,0.26953059857774353
-0.7100107813844745,0.6410390856537305,0.22025240523521308,1.5912523741889393,-1.1728306168784723
-2.183836549597211,-0.4383152989799801,-1.7131176594833455,0.6812864016613579,0.6898210037325141
1.621044006000211,-0.07248134085307963,0.9186941981067626,0.4099718769352157,0.41814688837724623
1.4577635983135653,-0.656629062205954,0.20195958578604867,0.9792879539650844,-0.1548051361627053
-0.27006907174721106,-0.7797990736894209,-0.9031439416581926,-0.20568584318242414,2.0962435527751593
-0.1046515517874156,-0.20073716978417194,0.17619235867332078,-1.1658025668372283,-0.27927602371208315
1.2966406518837987,0.22691902066384995,1.8063441402774392,-0.03219752642897472,-0.08451446617690395
1.8171598661706418,0.08257345743259577,0.031025819689169152,0.02377099520224484,4.763651080774086
-0.5152513311612087,-0.17389069939506557,-1.6633372295857412,-1.5702886153305062,3.1811993996391443
0.727248658629428,1.3525393975034883,0.7268016032763387,-0.6082859497559727,0.35715681954608136
0.5299568531884072,0.6854747857189306,0.30798308964120724,0.31522378345958446,3.216785665081772
0.33190932529626854,1.320337826845204,-0.32867244221647707,0.5421816495457132,1.1285805624444174
1.0879764602408648,-0.9466164568490986,0.3502577155260018,-0.5474030993400532,-3.9244789306595784
-1.7388735149149794,0.8429369401096365,-0.020000638154522743,-0.9387647295875855,-0.3592003709060805
2.0022313136699146,-0.3180101827620166,0.22537445235281336,2.8884441140087063,-0.26787591815921086
1.0875591906774404,-0.043070857171063105,1.088971524668495,-0.7579060780935502,-3.8913606215754095
-0.079271967265893,0.3041769923719074,0.3068136074091744,1.0017660070057717,0.31061731373525203
-0.607663087564202,0.7861407308419845,1.317064462246319,0.947821731758425,-0.14592170796605264
-0.7269760325818582,0.7441127493068411,1.0610427799568576,0.07633123808582455,-0.7126245344642559
0.9855362433177248,-0.4644612383932898,-1.1320056107951386,0.0011124426247542223,-2.9092102705543965
2.046700210444609,-0.008939519600742355,0.35269118128457955,-0.5792781222917721,-4.024607166499119
-1.6460252385074998,-0.10126003364841422,-0.6465463075260042,-1.519163236403877,3.0749336312721973
-0.9740432789735215,1.0126551685414025,0.11192607705927828,-1.0035302489023405,-3.7524892902374307
0.5430154162996329,0.1505532081976479,0.9147110899819836,1.5657313495215306,3.026042106650953
1.4834456750020462,0.1630394585183373,1.4191119113754191,0.22074073592843668,3.821305908669702
1.1476295476286071,-1.605873328133337,0.41060589617604837,0.5603271106739198,-0.8039394843805174
-0.004896658611303257,0.8132569024307558,0.8294726720550099,-0.4771371012497146,-3.5286404462759617
1.3015330423061005,-0.3760304173694313,-1.1469743843904592,0.8465170017788691,-3.4797839863006508
1.0565145280213624,1.6529884933269745,-1.1749036446454415,0.01407676483983735,0.24444389248979714
-0.442918038657571,2.3823449831053134,-0.056869060513832954,1.2257524781164588,-2.514270643187276
0.24136523925412537,-0.25376151189585944,0.3116748554588123,0.16117679038624894,-0.10331414533605171
-0.2711178858138094,0.6157161511328954,-1.7194092440077005,0.6409185844026064,-3.260699238365725
-0.5812524990751892,0.5154775233776542,1.7145468279748828,0.9614399873605791,-0.5962638890505276
-0.03455316917614665,-0.567213422328273,0.1975635296897541,1.052724076873923,4.032051255206343
-0.22217161372086727,0.16825550793738842,-0.5553584428132615,-0.029041400290006594,-0.48520800470724773
-3.281958363752716,-0.006289698678153393,0.06670797901268607,-0.11915005300985092,0.4626233977259575
-0.10230935620973775,0.7726069150916104,-1.5268712613210467,0.7430936600022582,-2.285719365336057
0.2704110341276694,0.1242235990134154,-0.700845258375457,-1.4887570968763109,3.8911507400322733
-0.1503663739531098,-0.7657131469079831,0.6096831246390055,0.659204193941794,2.9935062234022496
1.3264851059065113,0.7171219424346343,-0.7201859988070874,-0.16241998445056108,4.003313266107282
1.1030060960968817,-0.06605292080491613,-1.1805311993056096,0.22078671975278136,-3.1595381748175946
-1.6497192602243387,-0.3307806590496361,-0.2366777994550872,2.2319332657542663,0.9016187014633812
0.3278838139698834,0.14867518547108596,-0.7033942635550199,-1.1386615232039714,3.6018194285910563
0.753890002085915,0.8859076043746203,-0.7462838015084856,0.11561433441107215,0.33323424021324266
2.2860220204300346,-0.14767606021660368,-1.5930161139488916,-0.3398269112544122,0.20435457417073388
0.246616232726438,-2.30992387838989,-0.4805231733286553,0.7674719005002066,-3.5203362991789815
0.07672981848444078,0.0790576836244509,0.272624655090754,-0.6745163128015499,0.6929830397794192
1.1026586526666384,0.3429500550261747,0.5368297794629462,2.228356186151217,4.650621412330535
1.307939191575371,-0.7182432777848617,-0.38616133995878876,-0.37698451690826784,-0.3519702770229045
-0.38391710677184315,-0.3590066308136307,0.23658009711800437,1.5114945361652974,3.6839239968364295
-1.1618850088696049,0.9322941791813706,0.9647356829802158,-0.9423165808445592,-3.6622226671723896
1.2445734392519499,-0.806710917187401,0.9403599431849489,-0.6109653712098773,-3.2273031784265758
2.033613568964208,2.589144515793709,0.9125254493774734,-0.11120996245447584,0.037672543178578266
2.3362597685101987,2.7011653311962505,-0.864497773501188,-0.7178925450895639,3.350362793979768
-1.4057383925452651,0.7651473480360224,-0.7351549782306772,0.4829726947181531,-4.448523938837116
-0.23206839854782732,0.5755267075031559,-0.012627014010380905,0.5404190642221394,-3.4973835434034597
-0.007107749444752531,0.397015179805137,1.718540987599418,-0.027429714884069326,-2.3795354983373525
-1.1489991865078293,1.4358452290698722,0.484994541407874,1.7373699553737445,-1.1093067883377654
-0.6456466163354538,-0.832095292330781,-0.6187917189898465,-0.4196326845518646,3.3745822582798652
2.2304564574311296,-0.2210650210835254,0.020184495887279986,-0.5254427607486846,-3.4610150609046486
-0.9986118926649695,-0.22299375729355253,0.06148791289894966,-0.8364458952915537,0.09816135845002144
0.07161138354642509,-0.36463931229624025,0.5646886111721141,-1.4080596874368398,-3.6316272658765123
0.6448977155501485,0.7630077394911705,-0.5355534420329673,-0.6131891975962869,3.0925898564540626
-0.4155779923096958,1.7188318941327105,1.1595736778159405,-0.260357264240747,-2.616900029186155
-0.8881837076072671,0.892428251855947,0.2613587476733024,-1.3593504014604096,-3.810466430939531
0.5965983065956424,0.05817537884445898,0.04447308595630044,1.671305609581518,3.0845568705404176
0.20540966624003582,-1.023753044200395,1.409991571838147,-1.2731430917726518,-3.2459607486489395
1.6681430284155694,0.40250582313826166,-0.305609490397877,-0.9986789528062768,3.398366833744018
0.5168977948393998,1.029020004441599,1.7133079530165345,-0.38456143317091607,1.2309028765434396
-0.432310656584872,-0.8375454541964493,2.510537869317419,-0.29095455177240837,0.8056565937614046
1.3499869659839454,1.2991261226625095,-0.7418547043520252,-0.3725141198094063,3.452876397594504
0.9230665040720001,-0.27582603100417913,-0.037237662081440456,0.7685559641277729,-2.684019306235517
-0.7910227733028277,-0.5218735899093123,0.7886805763208747,0.0804080330800316,3.6971434321683567
1.9378166906375813,-0.9044724829623229,0.35929335384474415,-0.4822112844474178,-2.7904245073684866
0.9248658873710389,-0.0072654504406799245,-2.1560743932707744,-0.17606442915428955,-0.6999777139267331
-1.2680012055354708,0.9478647527962796,-1.0952583764703792,0.1785170060810686,-3.7482896895806275
-0.0014718280568128822,-1.2162798615037553,-0.13244362536730037,1.7056603169788982,0.43485361671777056
0.23486784017581985,-0.5503854339624166,0.10421557807966643,0.7523404673692053,-0.8614127084093806
0.24926599832999446,-1.1677455526050025,0.9069318272065255,0.2621300477660212,-0.5475219099250137
0.978453095576112,2.02393246026742,-0.7611215806899163,-0.3888675243419173,3.5862294006600295
0.865544117586615,0.800499987324086,-2.450707026503751,1.0234667503521213,0.581523511715481
-0.742558115657781,2.145233865403707,-0.7262018466307183,0.4790814418181925,-3.3513738657869387
-1.7476153959833522,0.2062949088220109,0.055675403694428964,0.5765174837959687,-0.5743374284737912
-0.16981275814961477,-1.5621617451715213,-0.30273526805394,-0.5063092924653724,2.8400127407095455
0.649640479817985,0.7273547164625235,-0.46140719584838513,0.25094108393312825,0.459166750925233
-0.31247768104095947,0.7619980329633138,-0.1790124508025759,1.7162227690032703,-3.3579629091778433
-0.27766484282901055,-1.4627893958192475,-0.9331593814898429,0.8834107985300579,0.934960392906254
0.8157511480632669,1.7632870995743495,-0.22843611604622005,-1.3750980559419343,3.590267922222907
-1.0024365429810795,-1.584605893790471,0.1319555099509399,-1.1740056010451108,0.19457908760569503
0.9046946442626279,0.98757371580066,-1.2126677800787198,0.6136769239997312,1.077847162323223
-0.2673806989908622,-1.2635025801583928,-0.41478391102531925,0.34498973519102205,0.109346044916461
-0.11302612929869649,0.5074532646320749,0.4235919463159115,-0.3429628645486156,-3.200836860841096
-0.5316734596416619,1.0833121385556843,-0.24754162328451035,-1.3487932965936633,-1.1939621878807076
1.2970086034455135,-0.729272239842177,-1.218813617896295,-0.4050800414650321,-0.3616077413509017
2.2423546471803015,0.8600594851766222,-1.7809578979910323,-0.918481077235305,3.453230809481845
-0.7149712239446951,-1.0226686276235128,-0.7915208696742646,1.6109087488954648,0.08795277263983386
-0.2966882828185042,-0.1382603102347334,-0.3132045613429732,1.6614626703108883,0.18001213516306047
-0.06312695254288021,1.8907923769007542,0.2542826797847641,-0.11737311626132119,-2.999347079817075
0.6251769549036965,-0.34110101347132826,-0.9687845056035315,-0.7519657566970395,-0.07125535937471622
-2.443942196794665,-1.7192579988594832,1.9067329915881033,0.34930016865355756,3.260765885016918
-0.6053209611241477,-0.4038236182146871,-0.3685218219288166,-0.2274621869503451,3.7570944787142055
2.1528893623617122,-0.7779982642202702,0.9223618731986337,-0.7766374710488703,-4.521501841912149
1.090472556398704,-1.149572539347058,0.3894333840301651,1.3876412793391748,-0.5947816193611458
-0.1421343010489687,0.6930426260855733,1.4744381954201728,0.5567331680871492,-1.5911305755831724
-0.6086924476961125,-1.581362166066739,0.05163507346210356,-0.6133995418408372,0.38617701707653507
-0.34368142949290054,1.0050495712786371,-0.5559827045985957,0.23817585966165783,-3.7608240773313186
0.49546176172257045,1.7419186320438274,0.6658354395899747,2.6250416111150057,3.3884241645893924
1.4841815310978415,-1.8298873139979142,0.16848012777095123,-0.8589645870785059,-3.8914830275733387
-1.1989467801131326,0.3450730597198438,-1.6699949574855824,-1.1884759983614603,-1.5206796346030513
-2.61285783818228,-1.0762003996169849,-1.3654808492365231,-0.9917269398118723,4.1274462114282064
0.16090629825914082,0.20340462145148794,0.2077439519710569,0.7516962255086541,3.7406816805959524
0.8476185757516066,0.7908026553295635,0.13672418006918907,-0.6287488183261153,-0.3625390323374871
2.7992513420343,-0.3508986518988233,0.26543529156892115,-1.095621142355892,-3.8472019973550027
0.8306336030840551,-0.9391923668044027,1.5742221735470727,2.0269732064505024,-0.5711584876835201
0.41511052382337504,0.3690385523909742,-1.2833781239551372,0.16008664323224747,0.49571650747370116
1.0044722357213915,-0.8358446425801076,1.1476351867344958,0.4386783405884443,-0.4218163092675174
-0.6383295473463878,1.0924052505110158,-0.9828274955441727,0.280435661514498,-3.8697802446384215
0.8105328632858985,-0.05813544763304911,0.3328678168286641,1.7853871183539871,-0.854141628715485
1.1682646865780861,1.2286739982167458,-0.16325813064374964,-0.20683219625612476,4.104660202984787
0.537521716421105,-0.6595166499321019,-0.28489607819563756,0.23606332315240564,-3.068919828986911
0.17306180139053678,0.5905576901626812,0.36301170897152285,1.3725061502758145,3.856148089769133
0.9452047285162496,-1.2758716260829102,0.6421971968874289,-1.020507484837154,-3.9979514129257425
0.21703277116458386,0.22167598106827857,0.06152398912588115,1.0113587501760408,3.46457878963144
-0.727842542463111,-0.8194500689698032,-0.7522857598860518,-0.9524847739657943,3.8280653268890457
1.368289696260335,0.9575536274085389,-1.2818764436385655,-0.10227789797588636,3.2929803360839287
0.5436462155099897,-0.10199713274278098,-0.018382954941855434,0.3003156236536561,-3.561678166890412
2.1224881123971913,-1.0863542276550908,0.6656275335550919,0.35146365561795506,-0.40417062327472436
1.7247676209544855,0.12005048934666944,0.41928325439855996,-1.0472880788279255,0.23515491853789217
-0.6747179945990454,-0.8419355523127696,0.33798613159150775,1.2961181868962641,3.468637144726455
0.7851751020172995,1.0686125563069826,0.5505339901364609,-0.01763742492589982,0.8004816814023131
1.2884007288207808,0.5133824711230608,-0.723280988284833,-0.7216730623403028,3.7817845223212823
1.4361148327364286,0.2866460485200265,0.1977898396919994,-0.7798905500842725,0.23339699891253396
0.7705559294548021,-0.48732901880559054,0.14129195060707286,0.6458281871755215,-0.4010011002114337
-1.0551039682002807,0.9154737887157806,-1.0704972295942834,0.05432926346822916,-3.431853329508049
-0.19635610804488407,-0.8945947027986237,-0.963225654487433,0.6566524235685535,0.84869188870953
3.1696031688633237,-0.1251080433772877,-1.305916119988334,-0.42162706618889667,-0.7400210358641205
0.7309526845226921,-1.1472039345563287,-0.22659034859022623,-0.9132941997647398,-0.5388769470265069
-1.208340369253236,0.19158511580181933,-0.37831548843684465,0.21490400809697727,-4.003137111777397
-0.28223781488028027,-0.18970877932995728,-0.16490702380530706,0.7444610202282723,0.6211378013616131
-1.236539653652816,-1.5532142456035114,-1.1611415099880023,0.529364638598991,0.6243785625319113
0.8625174506721249,0.5433964521384907,-1.9517732369801009,-2.406767557140259,3.5472549514977874
0.02307102579856695,-0.7105868467886521,-1.286499817171635,1.1316509517370728,-3.637595157145552
1.0791989228588756,1.834947205135778,2.6726057191335713,-0.41579427095204907,0.19980974814224756
-0.41261987718165916,0.5044474376888979,0.13189934390579525,1.172258954886797,-0.31846690142509604
0.46269683601133244,1.4679014131860812,-0.6326052143637828,0.05991556628272117,0.9654234638222055
-1.6371687561370043,1.583110927995869,0.4832471929280149,-1.188059119578726,-4.0608530346042855
0.5668311712101546,-1.6068164417646444,-0.31761484270731144,1.434685118917472,-3.903795393057666
-0.38584784874335387,0.9165134913404112,2.2635153428740065,-0.18087881128349256,-4.358936016080865
-1.432077818044205,0.5174153629897091,-0.6806262542078508,0.00740316667545902,-3.1585584322598157
-1.03717573422684,-0.8502963680678048,-0.18802296640912378,0.372313946811963,0.40951884932789584
1.1596735819053503,-0.451111129963251,0.08415442628790692,0.0892323454466245,-0.10810811119572411
-0.31611747433160936,0.7754695428724473,-0.357411812315337,0.2014538892685383,-3.7706481665451625
0.2177725146155476,1.399348913519398,0.3047758388007694,2.1686256400910247,4.024305268957899
-1.0738590271085486,-0.32631533824969133,1.0959043703054387,-1.534765991278304,0.6976787360469499
-0.4278702848197636,0.11145123168297646,-0.07065366914310038,-0.20957167070985355,-0.3007701322032575
-0.23189073081162892,0.18497167328481898,-0.3535939301105604,0.12163798139015793,-4.402282187501437
0.1481891175476743,1.403421607946565,0.2883637526661858,-1.014465169292234,0.48761261869871714
1.0246426485885245,-0.5533796985547192,0.31213313053679903,-0.4511424748266306,-2.4996477223128064
0.3404353016066804,-0.6187877175778478,0.43728159207064726,-0.4308757197650665,-3.7770936434537266
1.5209278105232877,0.39555171203808565,0.5765080096656446,0.5382412397051929,3.8602963403064083
0.002665767223610434,-0.37694702138440744,0.3809809590928975,0.6694819336120703,0.2910170992916131
0.35930746045050355,1.0272494443650093,0.030632415874396083,-0.3041541406048534,0.6471509086350091
-0.5903647810476681,-0.4232346882238931,1.3626579912720982,1.3468461681868635,4.142304711934887
-0.1203221280211344,-1.3496393898175076,-0.14457943031251871,1.3901778561438431,0.44031937300479873
0.6013778771336392,0.29947389813527936,-0.5544702382960895,-2.2309993272642554,3.3449668989578223
0.3072355882066301,0.10784408412958532,0.9840961855458991,0.6727682520649695,3.8918712274038185
-1.4788227993690874,1.8210243706517013,-1.848783472943417,-0.8924972377625653,-0.728557410799107
0.5222476505775895,0.8276967630818414,-0.31631982990519675,1.460290268160628,1.0477899761659246
-0.7129729846726615,0.5358526586052739,0.17039343633116852,-1.3147584664342409,-2.618268097558647
0.12759100498122983,-1.5589297103041855,1.4649460167228952,0.10261569104375323,-0.608738158938189
-0.19562552974939626,0.5419759550939961,1.9591150610592107,1.0276015544490646,-0.3308542284283591
-1.033153382577388,0.6135842722175233,-0.9491702594019602,-0.5783775249020323,-0.14787213464824472
0.133482578121699,1.6221713281817325,0.5800897307358056,-1.1110149838709544,0.6508880431449457
-0.10666428595926568,0.45504957600387425,0.0046755465495837865,0.12563193666793654,0.2926257028291829
-0.6239104910725365,-0.23715560832706928,-0.7329554183917354,-0.41258231025047654,4.0031137989534145
0.8520964930216395,2.0521893882050923,-0.1513806720273208,0.6755961521176578,0.12494243597860005
-0.6862250750219839,0.4490915216886295,0.24773441934268536,0.3434311304789288,-0.8348623821840324
-0.6885465859476492,1.0455424721516038,1.5936600953646562,-0.7548470031844529,-3.9530370994284345
-0.933919720525094,1.335937651247101,0.6624468472477743,-1.0549147285633471,-3.4894789320197064
2.7912515061933387,-0.4552119464391819,0.18199835209353282,-0.5063713707838075,-3.407518450058857
-0.1163782833931368,1.689701180336628,-0.03470556172438729,0.1594329243044067,-2.9331991516807125
-0.4431549507295817,0.8587641516924078,0.47139500460071315,-0.8295278709908214,-4.349461372892936
1.938380806459008,-0.3803105707496676,0.5738627423278754,-0.6043744468047757,-2.8157139011205805
-0.6464293466179402,-0.6696687417351345,0.588205336179905,-0.13611347503841828,0.872047341797137
0.13412129758961222,-0.8043008556552416,-2.2132818954357036,0.2527832808921508,-2.7325976728673487
-1.2854573428675957,-0.9440151015894847,0.21204333524769717,-1.1855313253080375,1.174651677322468
1.1363128473659228,-0.9281092712255097,0.7407118707953853,-1.5612148897261853,-3.7410672729798984
0.2151099028003219,1.49355399685914,-0.7967268571894719,0.8699376668635975,0.944922410931675
0.91940890246673,0.13988688144033604,-0.35035781239728553,0.4005788476491393,0.3864385081671904
1.2698246679833796,1.4288295092179586,-0.3105013793847549,-0.5730125986769027,3.271711774799306
-1.5894580638998264,-0.6645973999543503,0.9928498296757444,-0.8196334358560886,0.3216829203864101
0.16407802768404492,1.21577581114616,-0.3130717451088062,-0.8050324169225942,3.591532936878955
0.11531795587507634,-2.4556239262905915,-0.757726608313395,-1.3800625310575856,-0.06078407990146173
0.007570448486998372,0.34926449291734574,0.8481007570990522,1.7116806714386519,3.850131845806116
-1.235587273484859,0.43554763581085376,-0.6539460585090309,-0.6885081395515663,-0.27511148154771375
0.8445730292599309,2.0004162168970225,0.024825410009109924,1.3208948939496594,3.026151753202321
-0.4624649088021332,-0.6637477337535839,-1.6025590903782105,0.22826989073655862,0.625461901603008
1.459659152593294,0.00690598024393378,-0.29529458731661073,0.5312508194597124,0.7480957054027947
-0.45903458055714547,0.37420685396049225,0.3878168206363518,-0.16920496961187997,-2.6967817828845027
0.9970563757597122,0.683666479760645,-0.5794048270269242,-1.03606765867527,3.8235167087375643
1.1498474046647313,1.3828098296970759,-1.2812392253126192,-0.4341039631859517,2.9549257258058432
0.03158156946936949,0.9302834119847578,-0.581705796536402,0.9550279347234985,-0.07026307858673331
1.0758307730113708,-1.2968284289731282,0.6983081446455459,0.01550907778328234,-0.30409958110362023
-0.040357135434022966,0.6565268524128749,-0.013584517727876274,-1.3448059843832956,-1.4605634402198995
1.4510650642012883,-0.9029184295352017,-0.4090892298191866,0.28264593153069517,-3.534573943621785
-0.1274439903796532,1.9624983688491553,-0.9407522564821355,0.029873578130974836,-4.055845228786898
-0.4212939695001784,-0.43360192946045284,-1.0596472516310775,0.9295482754995629,0.09338852081978988
-1.8913352518180497,-1.2256326990193354,-0.8122872970792789,0.06143114919321333,0.021150367888689903
-0.274964229222708,-0.8252281527893964,-0.7881246240528578,0.30891209605134456,-0.04667731518717799
-1.3747245793672849,-1.740610176742388,1.8494699814744409,1.2246168426309163,3.7618676577905976
-0.5138852902040641,-0.8466751402869944,0.014996309544000538,-0.4887640241377502,0.6464592514515806
0.5568763502994474,0.4224437141325854,-1.1133785493503803,-0.34065429484375,3.1208120661894334
0.41029213350798216,-1.6236037400451442,1.1826574391067113,1.8019965524787065,-0.10959583974748238
0.8528634903668818,-0.2569202569959998,0.08333603959710222,0.013126640351798604,-0.6142590588729038
0.4314541736642319,-0.09393271437739178,0.3501755415604726,-0.9021132774033662,-3.346790496413206
-0.15303044249223538,-0.33711186695755285,0.4883635865732051,-0.2792980737448267,-0.06563520853400107
1.112870374158366,1.3891501222223073,-0.4062785634818273,1.1318077084950278,1.2320275932624982
-0.6458244212885497,-0.08242167294464714,-0.651903036895026,0.6879059340463604,1.1242799952776132
1.4061807879436334,0.1634891771272331,1.126518124785701,-1.077172363777679,-0.5994507974980214
-1.3273329703155305,-0.22681631913204992,0.8639929451344214,-0.3676006469191469,1.2977477631631449
-1.925073920422952,-0.2840901766968735,0.4465479547891123,-1.0264775755746378,1.0322667158015426
-0.4312532490224496,-0.8352205724483385,-0.27196479566517623,-0.6953277957938272,3.5542873723410016
-0.8185435081045318,0.15524579727825638,-1.7991672552027957,-0.9909684800770003,1.0061478103182513
0.08956658657811306,-0.31558104089259525,-0.8767789136560532,-0.05377486862743732,0.01333304260802004
